region,2020-04-06,2020-04-07,2020-04-08,2020-04-09,2020-04-10,2020-04-11,2020-04-12,2020-04-13,2020-04-14,2020-04-15,2020-04-16,2020-04-17,2020-04-18,2020-04-19,2020-04-20,2020-04-21,2020-04-22,2020-04-23,2020-04-24,2020-04-25,2020-04-26,2020-04-27,2020-04-28,2020-04-29,2020-04-30,2020-05-01,2020-05-02,2020-05-03,2020-05-04,2020-05-05,2020-05-06,2020-05-07,2020-05-08,2020-05-09,2020-05-10,2020-05-11,2020-05-12,2020-05-13,2020-05-14,2020-05-15,2020-05-16,2020-05-17,2020-05-18,2020-05-19,2020-05-20,2020-05-21,2020-05-22,2020-05-23,2020-05-24,2020-05-25,2020-05-26,2020-05-27,2020-05-28,2020-05-29,2020-05-30,2020-05-31,2020-06-01,2020-06-02,2020-06-03,2020-06-04,2020-06-05,2020-06-06,2020-06-07,2020-06-08,2020-06-09,2020-06-10,2020-06-11,2020-06-12,2020-06-13,2020-06-14,2020-06-15,2020-06-16,2020-06-17,2020-06-18,2020-06-19,2020-06-20,2020-06-21,2020-06-22,2020-06-23,2020-06-24,2020-06-25
Alaska,1.1559778,1.0103359,1.0040782,0.8990279,0.8556548,0.8513196,0.8447131999999999,0.8050645000000001,0.8318211999999999,0.6910354999999999,0.7962256999999999,0.9038889999999999,0.8228404,0.7441339,0.6946420999999999,0.5296871,0.6241503,0.5412467,0.5456448,0.5918366999999999,0.6242693,0.7057888000000001,0.546084,0.5261186999999999,0.49467479999999997,0.46077209999999996,0.45902780000000004,0.45770609999999995,0.2920698,0.31460079999999996,0.30280619999999997,0.40668899999999997,0.3771125,0.38624790000000003,0.3187919,0.3169308,0.3100775,0.38166209999999995,0.27656479999999994,0.3050268,0.2619548,0.3184204,0.4728001,0.4684281,0.44384350000000006,0.4290446,0.423266,0.4466273,0.4450738,0.40516840000000004,0.4153019,0.4035808,0.4992531,0.5324959,0.5047724,0.47284970000000004,0.4849849,0.4873674,0.5125569999999999,0.41315749999999996,0.41686940000000006,0.46148459999999997,0.4989133,0.4423429,0.5169173,0.4084447,0.4227902,0.4721166,0.49180329999999994,0.4316109,0.3863543,0.47328859999999995,0.47013720000000003,0.46939620000000004,0.45024719999999996,0.35842290000000004,0.42991759999999996,0.5409676999999999,0.3361238,0.35276890000000005,0.3556092
Alabama,1.0274609000000001,0.7735420999999999,0.7521315,0.7984131999999999,0.7875409000000001,0.7908286999999999,0.7844992,0.7595597,0.8259601999999999,0.8655341999999999,0.8180289000000001,0.8645357,0.8233014999999999,0.8420934999999999,0.8010547,0.7938006,0.7561687,0.7033419,0.7161074000000001,0.8118158000000001,0.7320933000000001,0.7317254,0.6166528,0.7236106,0.7360885,0.6995113000000001,0.6161408,0.6292681,0.6221145,0.6778635999999999,0.5952849,0.5590083,0.5573269000000001,0.6066011,0.5695739000000001,0.5960694000000001,0.5290366999999999,0.4708708,0.4805656,0.4791693,0.4035331,0.4631082,0.4346543,0.4639545,0.44168370000000007,0.44511480000000003,0.4447428,0.4657872,0.44922259999999997,0.5120203,0.4912161,0.5382177,0.5706185,0.5408116999999999,0.5242393,0.509285,0.4460406,0.4277594,0.39216740000000005,0.43849740000000004,0.49109769999999997,0.5491541,0.5671654,0.5798375,0.6273738,0.6812469,0.6092528,0.5405184000000001,0.5574882,0.5914961,0.5801948,0.5544745,0.5674541,0.5937305,0.6278090000000001,0.6410640999999999,0.5841029000000001,0.6563312,0.6824983,0.6726328,0.6356416
Arkansas,0.8176689,0.8177691,0.9516771,0.9092001000000001,0.9085075,0.9245379000000001,0.9167558000000001,0.9149881,0.9637428,0.8267739,0.8468290999999999,0.7909510999999999,0.7377419,0.8020917,0.8395611999999999,0.7739193,0.7754031,0.8299716999999999,0.9604751,0.9563868000000001,0.8850456,0.8874015,0.8561323000000001,0.9331889999999999,0.8423594000000001,0.7597977,0.7343851,0.7082689,0.6854234,0.6744475000000001,0.6139045,0.6690467,0.6622975999999999,0.6578695999999999,0.6654422,0.5952964,0.588491,0.6096473000000001,0.5960989000000001,0.6479564999999999,0.6364437,0.7042725999999999,0.713648,0.6882776999999999,0.617329,0.6031684,0.5358595,0.49625159999999996,0.4670827,0.4363107,0.5025528,0.5004407,0.5054157,0.5350679,0.5960481,0.5498911999999999,0.6138210999999999,0.6214668000000001,0.7087760999999999,0.7406291,0.7540678000000001,0.7291177,0.7330366999999999,0.7163267,0.6471934,0.6600476,0.6050498000000001,0.523537,0.5003837000000001,0.4803604,0.47731629999999997,0.5089106,0.45689840000000004,0.4765241,0.5400712,0.5962853,0.7122694,0.6758653,0.6869927,0.6582851,0.6601846
Arizona,1.0100224,0.9315479999999999,0.9741241,0.929679,0.9135736999999999,0.9191869,0.9265496,0.9074091000000001,0.9189620999999999,0.8265954,0.8198936,0.8337184000000001,0.7788550999999999,0.7457394,0.6938986,0.5821634,0.5913892,0.5917061,0.5858005000000001,0.5806073,0.6389892,0.6048564000000001,0.595697,0.6012243,0.6028308000000001,0.5669367,0.541032,0.44615379999999993,0.46286720000000003,0.4673522,0.4648562,0.4569775,0.4588109,0.458416,0.47629570000000004,0.4498394,0.4436168,0.3724345,0.2980977,0.36937620000000004,0.35982329999999996,0.355506,0.3584672,0.35879429999999995,0.39929499999999996,0.4071578,0.36340209999999995,0.4045249,0.3946898,0.427868,0.43976229999999994,0.4692206,0.49352399999999996,0.49636990000000003,0.46925439999999996,0.5341384,0.52709,0.5100114,0.48843580000000003,0.4806303,0.512339,0.5219863,0.5199751,0.5110475,0.5468050999999999,0.5575036999999999,0.5923413000000001,0.6052877,0.5844001,0.5959390999999999,0.6350183,0.6589318000000001,0.6717857,0.6525919,0.6997814,0.7922577,0.7868727,0.8682565999999999,0.8755232,0.9453054,1.0347193000000001
California,0.727647,0.6722573000000001,0.7421624,0.7255911,0.7012805999999999,0.7108315,0.7069307,0.6767394,0.6335281999999999,0.5619031,0.5401579000000001,0.5536144000000001,0.5572773,0.5407801,0.5325536,0.5113283,0.47775159999999994,0.4479316,0.4242207,0.4088563,0.4031066,0.3885962,0.38011100000000003,0.39117870000000005,0.3849295,0.364908,0.34262509999999996,0.33396129999999996,0.3180534,0.30903959999999997,0.29163490000000003,0.2841592,0.29224659999999997,0.2892203,0.281579,0.298482,0.295453,0.2930844,0.2941567,0.28348779999999996,0.29931199999999997,0.30913820000000003,0.3136727,0.33948659999999997,0.3584277,0.3645526,0.38341729999999996,0.3821969,0.3773196,0.3743818,0.3551415,0.32980729999999997,0.32279070000000004,0.3210396,0.302697,0.3034544,0.30182570000000003,0.2929021,0.2974378,0.3127366,0.30464109999999994,0.3303089,0.3371037,0.33862190000000003,0.3592599,0.3820573,0.37242559999999997,0.3784509,0.3649892,0.357074,0.3609408,0.355505,0.34083959999999996,0.35304509999999995,0.3413756,0.3658553,0.3841343,0.3732982,0.397048,0.42428990000000005,0.42279229999999995
Colorado,1.476764,1.3954293,1.3235416000000002,1.2709145,1.2412729,1.2419254,1.2350833,1.1839356,1.1390964,1.0368030000000001,1.0104566,1.0085469,0.9480748999999999,0.9471351999999998,0.9015789000000001,0.7373645000000001,0.9173116,0.8506434000000002,0.8216314,0.8097806,0.7390635,0.7374130999999999,0.7231069,0.6784298000000001,0.6573536999999999,0.6458274,0.6054881999999999,0.6181011,0.5916299,0.6045524,0.5769156,0.5537616,0.5667751999999999,0.5942630999999999,0.6279354,0.6929261999999999,0.6943562,0.6588185000000001,0.6744076,0.6434791999999999,0.6072661,0.5868167,0.5435651,0.49154309999999996,0.46758940000000004,0.45389120000000005,0.3823942,0.3782219,0.36812940000000005,0.33777729999999995,0.3299643,0.35260820000000004,0.3397461,0.368475,0.34886079999999997,0.3358031,0.351763,0.38984450000000004,0.39259429999999995,0.3757393,0.378775,0.4171022,0.3974634,0.4000528,0.3780051,0.33895640000000005,0.3375094,0.3266943,0.323868,0.3257062,0.3065941,0.2838239,0.2848779000000001,0.303213,0.2995005,0.2725695,0.2769999,0.27156009999999997,0.35020290000000004,0.34401390000000004,0.3387272
Connecticut,1.2575579,0.9595318000000002,0.9385379999999999,0.8856521999999999,0.8736609000000001,0.8559100000000001,0.8721072,0.8406505999999999,0.8555004999999999,0.8096253000000001,0.8337206,0.8458109,0.8368108,0.8151311,0.781352,0.7206318,0.6999736,0.6166095,0.5993151999999999,0.6211161000000001,0.5512099,0.4732865,0.46759399999999995,0.4849454000000001,0.5471161999999999,0.5113433,0.4737749,0.48849609999999993,0.5320585999999999,0.48912849999999997,0.4605948,0.4243075,0.4330093,0.47532170000000007,0.488469,0.4914603,0.46991049999999995,0.46727609999999997,0.3957489,0.3732312,0.3703145,0.3219832,0.2708113,0.27093140000000004,0.259538,0.3251372,0.37252399999999997,0.3176966,0.3247139,0.35230090000000003,0.3707743,0.3906817,0.365008,0.3245705,0.3522608,0.3290508,0.3075339,0.3040759,0.3024579,0.2860209,0.2867077,0.2901728,0.3222541,0.3601287,0.3591511,0.32781740000000004,0.37097340000000006,0.3312462,0.30567009999999994,0.3081312,0.2844822,0.2613993,0.2858059,0.2131504,0.22768000000000002,0.22087329999999997,0.1875749,0.1603008,0.1533982,0.15812420000000002,0.15052179999999998
District of Columbia,0.5722461,0.3632479,0.447065,0.48051229999999995,0.5160056,0.4989234,0.4970818,0.45098420000000006,0.48336709999999994,0.4404762,0.4320988,0.2718676,0.2864973,0.2599611,0.40740740000000003,0.4526749,0.5297771,0.37825929999999997,0.3413987,0.2984642,0.3705693,0.2536946,0.3922902,0.3011094,0.4464286,0.5422315,0.5644811,0.4797441,0.4899826,0.35203270000000003,0.34815809999999997,0.3559945,0.4196429,0.5731921999999999,0.6398252,0.6647211,0.6765677,0.6860776,0.3943759,0.1975309,0.11947429999999999,0.0811688,0.22658609999999998,0.3687316,0.37963979999999997,0.359194,0.34894359999999996,0.40502540000000004,0.4802438,0.6189766999999999,0.4815,0.4410143,0.4751462,0.6075444000000001,0.5221979999999999,0.48250459999999995,0.3026906,0.3033708,0.3161593,0.283773,0.24661889999999997,0.22875820000000002,0.31871700000000003,0.2383863,0.24375,0.4345088,0.4624893,0.3436426,0.36503959999999996,0.23839139999999998,0.24018379999999998,0.24139380000000002,0.051888800000000006,0.093985,0.22264629999999996,0.2286446,0.23595300000000002,0.24249859999999998,0.24443600000000001,0.28206079999999994,0.2752599
Delaware,1.3885388,0.7191747,0.6478804,0.6429457,0.7180254,0.7131916,0.7086708,0.6665715,0.801595,0.8629759,0.9122662,0.7925699,0.8360280999999999,0.8831924999999999,0.7949989000000001,0.6048441999999999,0.7568074,0.7535094,0.7151583,0.584117,0.48415459999999994,0.5925933000000001,0.5779525,0.47755749999999997,0.523564,0.5848962,0.614667,0.570455,0.4916548,0.46840190000000004,0.46600329999999995,0.36068259999999996,0.260278,0.29805040000000005,0.3816366,0.3319043,0.4046053,0.36770390000000003,0.4123791,0.36237820000000004,0.3412288,0.3041968,0.2908104,0.3474623,0.3246358,0.3424705,0.3185059,0.27873109999999995,0.2619408,0.29985100000000003,0.25810229999999995,0.32706209999999997,0.3000472,0.3069542,0.30752929999999995,0.361797,0.40595490000000006,0.3712185,0.33737790000000006,0.3585937,0.38667529999999994,0.418976,0.3594348,0.3306813,0.33463590000000004,0.2939478,0.2385217,0.30488059999999995,0.2967828,0.2807255,0.1973559,0.3302483,0.3515038,0.4157774,0.342621,0.31665959999999993,0.43611809999999995,0.5102501,0.5442461999999999,0.5092209,0.49903800000000004
Florida,0.6050055999999999,0.7054508,0.6810326,0.6345073,0.6428509,0.639042,0.6383146,0.6192528,0.6213962,0.5990512,0.5869989999999999,0.5888194,0.6018844,0.6015579000000001,0.612309,0.5599236999999999,0.5715905,0.5973384,0.5550524,0.5215742999999999,0.5307759,0.5296991,0.5405493,0.5204999,0.49294129999999997,0.4999686,0.4754155,0.4322371,0.39308909999999997,0.3588692,0.35235409999999995,0.3518383,0.3253276,0.3340659,0.3313268,0.3274498,0.3338998,0.3598643,0.34317070000000005,0.3585802,0.3533375,0.3646415,0.3743884,0.3750934,0.35552649999999997,0.33872759999999996,0.3161613,0.32075040000000005,0.3102563,0.3190965,0.3270883,0.32493720000000004,0.3359238,0.34327420000000003,0.3424304,0.3555895,0.3531876,0.340961,0.33050490000000005,0.33583040000000003,0.3347589,0.34124790000000005,0.3387692,0.34939109999999995,0.3432752,0.35064509999999993,0.3682915,0.3648519,0.36214850000000004,0.36758040000000003,0.35932470000000005,0.38874949999999997,0.38431770000000004,0.3915568,0.44979540000000007,0.4798122,0.5099305000000001,0.5558274999999999,0.5817508000000001,0.6522483,0.6783066
Georgia,0.6741203,0.7694694000000001,0.7237771,0.6860188,0.6812307,0.6757144,0.6699531999999999,0.6761381999999999,0.6446111999999999,0.6481786999999999,0.6662666,0.6659183000000001,0.6478484,0.6495496999999999,0.6378931999999999,0.6152055000000001,0.5593898,0.5817732,0.5441575,0.5109144,0.5447389,0.4924223,0.4778492999999999,0.493475,0.4798523,0.4909004,0.542553,0.5024656,0.5230307,0.5239175,0.5259464,0.52342,0.5328938,0.49159309999999995,0.477523,0.4551495,0.4322427,0.38807670000000005,0.3552657,0.3436289,0.33134020000000003,0.3467817,0.36994509999999997,0.3691099,0.3748936,0.3846615,0.40077070000000004,0.41269179999999994,0.4266818,0.41598909999999995,0.4092622,0.433616,0.41276409999999997,0.39878040000000003,0.38500009999999996,0.3554228,0.3403102,0.345522,0.35402,0.36776620000000004,0.3875201,0.38239520000000005,0.4206858,0.4486603,0.47214079999999997,0.4511751,0.4883653,0.4825889,0.5045598,0.45204849999999996,0.4467009,0.4240268,0.4398844,0.4275139,0.44211350000000005,0.4730117999999999,0.5172899999999999,0.5254165,0.5425352,0.5396108000000001,0.5795326
Hawaii,0.6332139,0.642166,0.6668739,0.6549056999999999,0.6271379,0.6146144,0.6094653,0.5540866999999999,0.4722384,0.35699000000000003,0.245098,0.2710027,0.2767774,0.2618147,0.4268392,0.4513962,0.4556742999999999,0.45543249999999996,0.3607555,0.48676400000000003,0.4428571,0.37354940000000003,0.4214064,0.3519825,0.3243902,0.3653971,0.240404,0.4409639,0.3896048,0.3405891,0.3444427,0.3499826,0.33433709999999994,0.4507673,0.3289474,0.4120939,0.44689140000000005,0.4622045,0.42567089999999996,0.4150335,0.3015317,0.2157613,0.21160810000000002,0.1533747,0.1664886,0.16420099999999999,0.1963177,0.1898557,0.20790160000000002,0.1415989,0.15112089999999997,0.1717236,0.1666667,0.1452381,0.1453568,0.14807879999999998,0.15994679999999997,0.17084929999999998,0.1306482,0.2038118,0.1681046,0.20625439999999998,0.2380167,0.2645235,0.2733778,0.2971969,0.2521154,0.2405124,0.2173556,0.282001,0.26773759999999996,0.32878709999999994,0.3077302,0.3041543,0.3422542,0.3884514,0.2928794,0.2913085,0.22303330000000002,0.24721880000000002,0.2374947
Iowa,0.8999704,1.0130401,1.1060562,1.0914807,1.0841389,1.0822889999999998,1.0832681999999998,1.106362,1.0890294,0.9691851999999999,0.8793407,0.9463218000000001,0.9903711,0.9559115,0.8991062,0.8851681999999998,1.0030940000000002,1.0161719999999999,0.8794586999999999,0.7470315,0.7108097,0.6282032,0.5954676,0.5072076,0.496406,0.4928729,0.5320369,0.4910823,0.5317647,0.5204322,0.544226,0.5615154,0.5414429000000001,0.5019147,0.5891434,0.6555141999999999,0.700137,0.6738871,0.6953396,0.6528569000000001,0.7051609999999999,0.6525226,0.5683597,0.5641975,0.5426073,0.4828481,0.5659668000000001,0.5064175,0.5722941999999999,0.5969769,0.5577802,0.5678367,0.6338364000000001,0.5640774000000001,0.5872305,0.5314994000000001,0.5104031,0.5606184000000001,0.5445248,0.5112909999999999,0.4705472,0.449665,0.46029570000000003,0.5062392,0.5158463,0.5771539000000001,0.5487365,0.5664340999999999,0.5204603,0.5006835999999999,0.4920518,0.4294339,0.4787545999999999,0.5459044,0.5765763,0.6496303000000001,0.6668236,0.6317675,0.6353314999999999,0.5483574999999999,0.4828779
Idaho,1.3363133,1.2165920000000001,1.2109113,1.183889,1.1092318,1.0796878,1.0728448999999998,1.0281226,0.9944427,0.9842264000000001,0.9382824000000001,0.976044,1.0460875,1.0188097,0.954874,0.9695004999999999,0.8065753999999999,0.7238156,0.8112720999999999,0.8206294,0.7819845999999999,0.7564881999999999,0.6467427,0.5940669,0.5739757,0.5295053000000001,0.43526270000000006,0.4661798,0.5416607,0.5471550000000001,0.5407733,0.5530953000000001,0.5946967,0.6075825,0.554025,0.4979795,0.4971508,0.47126819999999997,0.49283530000000003,0.4284085999999999,0.41454430000000003,0.40917329999999996,0.3649188,0.3686624,0.345498,0.2998677,0.3122261,0.293243,0.31242759999999997,0.306452,0.291218,0.3237717,0.3295706,0.3247374,0.4265771,0.43687790000000004,0.4898054,0.47006090000000006,0.43195829999999996,0.42209759999999996,0.4456625,0.3681595,0.296018,0.2177891,0.2383149,0.25844920000000005,0.2856396,0.2896063,0.2919631,0.3585966,0.45053649999999995,0.5504509,0.5558761,0.5461182,0.5500533000000001,0.6020694000000001,0.5659569000000001,0.5898220999999999,0.5309931999999999,0.5678629,0.6138405
Illinois,1.0094843,0.8634421999999998,0.8731015,0.8152246,0.8252985,0.8327713,0.8345749,0.7967506999999999,0.7923968000000001,0.7695121,0.7767744000000001,0.7569613000000001,0.6963377,0.6827878000000001,0.670021,0.6328142,0.5924229999999999,0.5547972,0.5269676999999999,0.5355936,0.5233026,0.5090785,0.49734040000000007,0.4801214,0.5008914000000001,0.49774890000000005,0.49552959999999996,0.4928077,0.4979621,0.5032281,0.48096940000000005,0.482937,0.47381419999999996,0.4416772,0.4404679,0.42141190000000006,0.4150606,0.44166679999999997,0.3967433,0.3878443,0.4163326,0.3894455,0.4218549,0.39227059999999997,0.36100279999999996,0.37792729999999997,0.4130097,0.3970338,0.398781,0.3731673,0.3670854,0.39670700000000003,0.41321009999999997,0.39199629999999996,0.3822531,0.39059190000000005,0.3781969,0.38415170000000004,0.3705051,0.34007070000000006,0.33348520000000004,0.36548400000000003,0.36061129999999997,0.3442159,0.3539119,0.349034,0.34417570000000003,0.351404,0.33677290000000004,0.3284992,0.3289479,0.32178829999999997,0.3235494,0.3347969,0.3413952,0.31184120000000004,0.30513779999999996,0.3236772,0.3323737,0.34028359999999996,0.3397252
Indiana,1.1399092,1.0630591,1.0496802,1.0274353,1.011836,1.0109652,1.0067366,0.9746572,0.9451704,0.8771883,0.8059637,0.7815107,0.7792561,0.75562,0.7355983,0.7087896,0.7248324,0.7136680000000001,0.7338866999999999,0.7205090000000001,0.7116894,0.6580503000000001,0.6239178000000001,0.6491139,0.6369865,0.5923869,0.5555603,0.5754007,0.6038492,0.5714677,0.5627025999999999,0.5696524000000001,0.5937772,0.6036063,0.5880509,0.6212946,0.6465426999999999,0.5975931999999999,0.5525635,0.5319512,0.5259170999999999,0.5129604999999999,0.4733981,0.4582452,0.44849970000000006,0.49191490000000004,0.48185340000000004,0.48174259999999997,0.45284300000000005,0.428519,0.43988599999999994,0.43134259999999996,0.3934448,0.41428059999999994,0.4020259,0.43946320000000005,0.48946940000000005,0.5279946,0.5772510000000001,0.5947778,0.5629552,0.5656281999999999,0.5647226,0.5499477,0.5472104,0.5140845,0.5417328,0.5571691,0.5757184000000001,0.537004,0.5274879,0.5624882,0.5428396,0.5309326999999999,0.530601,0.5268616999999999,0.58353,0.5556495,0.47432929999999995,0.49920760000000003,0.4960112
Kansas,0.8688478000000001,0.871755,0.8021638000000001,0.8088576999999999,0.8220575999999999,0.8260675999999999,0.8338770000000001,0.8303318000000001,0.7846616999999999,0.8037852,0.7114298000000001,0.6432149,0.6183344,0.5549142,0.4885415,0.4869629,0.6169087,0.6706869000000001,0.6267899,0.5441035,0.57904,0.5406342,0.5507996000000001,0.4330782,0.4381581,0.4611082,0.4860331,0.49009480000000005,0.5106634,0.43358820000000003,0.4288679,0.40481100000000003,0.3576479,0.3675545,0.3546081,0.3318325,0.3883218,0.42308370000000006,0.3819304,0.379961,0.38670970000000005,0.3495525,0.3583423,0.36988940000000003,0.33999840000000003,0.391468,0.41316040000000004,0.4096683,0.396474,0.3855929,0.3583393,0.35065840000000004,0.3626435,0.3373152,0.330995,0.34110890000000005,0.3493179,0.3587215,0.35502790000000006,0.3167692,0.3910009,0.4070283,0.4635734,0.5210275,0.5294053000000001,0.5976273,0.6188372,0.5024769,0.4451905,0.40343090000000004,0.3879951,0.37771209999999994,0.3102085,0.35967509999999997,0.4626593,0.5149603,0.5800238,0.5585956999999999,0.5715398,0.6622741,0.5551384
Kentucky,0.7873409,0.7259121000000001,0.7788114,0.7680636,0.7800592,0.7812148,0.7956749,0.7810781,0.798298,0.7582241999999999,0.7988713000000001,0.7979679000000001,0.7661083000000001,0.6816523,0.6970396,0.6875312,0.7150396,0.6206769,0.5310315999999999,0.5297075,0.579842,0.5543047,0.49259830000000004,0.45329759999999997,0.4662576,0.4556686,0.4629348,0.4473452,0.4004738,0.4447423,0.4569733,0.425996,0.4269786,0.38668420000000003,0.35824090000000003,0.3871455,0.4046161,0.3737904,0.3838042,0.4163527,0.3961632,0.3925178,0.41497159999999994,0.41620799999999997,0.44215150000000003,0.4241617999999999,0.41869449999999997,0.45213109999999995,0.43328490000000003,0.41479659999999996,0.3985867,0.3971623,0.3723108,0.3695549,0.36959709999999996,0.3498436,0.347692,0.3377187,0.3175135,0.3491108,0.32239670000000004,0.2958613,0.3266002,0.3281358,0.35179879999999997,0.4032421,0.37401409999999996,0.4023509,0.4342866,0.43876990000000005,0.4598094,0.4571723,0.42550340000000003,0.5331119000000001,0.5400486,0.5203803,0.5266115,0.5602354,0.5476126,0.5391899,0.44254840000000006
Louisiana,0.9629052,0.9705685,0.9594226,0.938523,0.9321684000000001,0.9470745,0.9568996999999999,0.9341859,0.8553074,0.8252690999999999,0.7491599,0.7140003,0.7397566999999999,0.7336909,0.7317364000000001,0.7660906,0.7157498999999999,0.7952461,0.7615413000000001,0.672271,0.6073082,0.5751519,0.6463831,0.6409351,0.5589788,0.5541311,0.5116844,0.5011252,0.5168265999999999,0.46701220000000004,0.46262250000000005,0.5351649,0.5420785,0.5643529,0.5758148,0.5640543,0.512898,0.46719170000000004,0.46235600000000004,0.4664039000000001,0.48958,0.5473216999999999,0.520524,0.586102,0.5733845000000001,0.5322061,0.5509215999999999,0.500243,0.4447784000000001,0.4473187,0.40339400000000003,0.43347920000000006,0.43916540000000004,0.4008566,0.45901149999999996,0.4467438,0.4493957,0.46092619999999995,0.44485559999999996,0.48595829999999995,0.5048329,0.4753994000000001,0.5348586,0.5821739,0.6047845000000001,0.6104630999999999,0.6349953,0.6252285,0.6266841999999999,0.584472,0.5519435,0.5132886999999999,0.5313001,0.48198679999999994,0.5003126,0.511292,0.5770281,0.6214258,0.685158,0.6737465,0.724025
Massachusetts,0.5610850000000001,0.7152002,0.6944678000000001,0.6594398,0.6634633000000001,0.6593965,0.6637149999999999,0.6827604,0.6526681,0.6414949999999999,0.7184933000000001,0.7110323000000001,0.7193510000000001,0.7201112,0.6988191999999999,0.6710618,0.68939,0.6838714,0.7275085,0.7282394,0.7024028,0.6393979999999999,0.6109449,0.5849149,0.5181594,0.45777890000000004,0.4386044,0.40723990000000004,0.39941950000000004,0.39138229999999996,0.359811,0.3696363,0.39505070000000003,0.3508527,0.3380013,0.3734135,0.3855309,0.4465366,0.3909322,0.3680018,0.352215,0.37701690000000004,0.36295340000000004,0.3459583,0.3243808,0.34617859999999995,0.3559941,0.388648,0.3549158,0.3726243,0.3777894,0.38508400000000004,0.35861220000000005,0.34461959999999997,0.3384647,0.3496111,0.28811079999999994,0.2676403,0.2625416,0.281962,0.26222080000000003,0.2316502,0.2424493,0.28508629999999996,0.2896218,0.2858232,0.32080190000000003,0.33416409999999996,0.3398215,0.2990595,0.2722746,0.2646648,0.2323535,0.20522070000000003,0.22075799999999998,0.22700820000000002,0.265331,0.287014,0.317587,0.30098590000000003,0.2804375
Maryland,0.4258659000000001,0.6030699,0.6223132,0.5890945,0.5796113,0.5798485999999999,0.5777808000000001,0.5894272,0.5423253,0.49410879999999996,0.49402749999999995,0.47931270000000004,0.49983950000000005,0.46382799999999996,0.379918,0.4611844,0.4518225,0.4037725,0.4220288,0.36028150000000003,0.4305437,0.4407596,0.4537036,0.4394124,0.46751629999999994,0.46008869999999996,0.48315379999999997,0.4997642,0.5397028,0.5102242,0.5451685000000001,0.5116644,0.5368839,0.5378764,0.47598630000000003,0.4181874,0.36284109999999997,0.28844780000000003,0.2859667,0.2611516,0.2425699,0.22485589999999997,0.2532834,0.2581887,0.278652,0.2998352,0.3466687,0.3555737,0.3946332,0.4156816,0.46989790000000004,0.5075523000000001,0.5330464,0.5314772,0.5344336,0.5275393,0.5387116,0.4957328,0.4692786,0.4860965,0.4956116,0.5120596,0.5614941,0.5434924,0.5448647,0.5453937,0.4890242,0.4636001,0.4369964,0.36624959999999995,0.33348190000000005,0.34401750000000003,0.32867199999999996,0.34237249999999997,0.2920612,0.28184570000000003,0.2932868,0.3139187,0.3285764,0.3503361,0.3708378
Maine,1.4964202,1.0344200000000001,0.8752753000000001,0.952981,0.9588673000000001,0.9626243,0.9569361999999999,0.847593,0.7635847,0.775205,0.5307919,0.4210846,0.4068335,0.47522390000000003,0.5392109,0.6319884,0.7185654,0.8034939,0.8072606999999999,0.8985868,0.8647169,0.7646655,0.7418372,0.7031405,0.6055425999999999,0.5697386,0.464751,0.37515490000000007,0.41640900000000003,0.3452855,0.307141,0.35934590000000005,0.3553449,0.352744,0.4057571,0.38645809999999997,0.44362170000000006,0.4804232,0.43714369999999997,0.47644430000000004,0.40411929999999996,0.3718479,0.3950358,0.3886732,0.36574629999999997,0.33703890000000003,0.3021173,0.34105019999999997,0.34892340000000005,0.3280548,0.28570490000000004,0.2609862,0.30692729999999996,0.2678815,0.2408678,0.228187,0.19752820000000001,0.24224600000000002,0.278504,0.2322585,0.2462375,0.23997829999999998,0.21773,0.34700190000000003,0.36750809999999995,0.33298449999999996,0.382482,0.3910557,0.419088,0.5258664000000001,0.37618190000000007,0.3231518,0.36287440000000004,0.3101311,0.314421,0.30566409999999994,0.19834839999999998,0.26502190000000003,0.28412750000000003,0.2275811,0.27828559999999997
Michigan,0.9887269000000001,0.9696030999999999,0.9055384,0.9046652000000001,0.9061382,0.9044177,0.9086136999999999,0.8699118,0.7781928000000001,0.7752255,0.7132457,0.6396674,0.616599,0.6028376999999999,0.6147741999999999,0.6143271,0.6049791999999999,0.579729,0.5829253000000001,0.5604404000000001,0.5408927,0.4973634,0.48749390000000004,0.42874399999999996,0.4249876,0.41577079999999994,0.4186464,0.422034,0.4164741,0.41563490000000003,0.43208409999999997,0.41602659999999997,0.4177178,0.3987763,0.3835847,0.4049645,0.4237892,0.4102129,0.4126861,0.3889161,0.385828,0.3689341,0.3536112,0.3307564,0.30313490000000004,0.3024136,0.29295970000000005,0.28821290000000005,0.30501540000000005,0.28025479999999997,0.2815541,0.299914,0.2860656,0.3130562,0.3203618,0.2964295,0.29315440000000004,0.278411,0.28153790000000006,0.3001926,0.2792438,0.2983476,0.3106429,0.3297987,0.33876059999999997,0.3358698,0.316885,0.3039487,0.2731903,0.2685872,0.268493,0.2438268,0.23331190000000002,0.2528258,0.25994720000000004,0.24794960000000002,0.23537870000000002,0.22046729999999998,0.2611591,0.2584056,0.22019570000000002
Minnesota,0.9632190999999999,0.9289681999999999,0.7560445,0.7659324000000001,0.8225511000000001,0.8296710999999999,0.8240061,0.8003433000000001,0.7518948000000001,0.8617814,0.8366087,0.672375,0.6638829,0.6665196,0.6249355,0.6206331,0.5562296999999999,0.5521792,0.5490995,0.48961809999999995,0.5472551,0.4860545,0.4380611,0.44996369999999997,0.5071426,0.4779609,0.4704498,0.4161362,0.5206797000000001,0.5240457000000001,0.5234344,0.5172335,0.531586,0.5432088,0.5173960999999999,0.4378095,0.45805500000000005,0.4844857,0.4493137,0.5333858,0.49848059999999994,0.49934480000000003,0.47105159999999996,0.49618959999999995,0.4696866,0.4815528,0.39750050000000003,0.4570795,0.43087609999999993,0.4513015,0.43873909999999994,0.43678770000000006,0.41211309999999995,0.43168249999999997,0.3801123,0.43817700000000004,0.49320340000000007,0.5003625,0.4839492,0.4645572,0.46543249999999997,0.4789137,0.4295411,0.3417861,0.3145624,0.3438895,0.3901211,0.3688355,0.3589808,0.3606862,0.3992303,0.35456340000000003,0.3401903,0.32179509999999995,0.3217902,0.3195018,0.3484233,0.3137485,0.335791,0.3438407,0.34641
Missouri,0.7040215,0.735503,0.760502,0.7650481,0.7784842,0.7787267,0.7779773,0.7722094,0.7731946,0.770047,0.7296166999999999,0.6780223000000001,0.6747115,0.6321682,0.6246316,0.6571304,0.535449,0.6406544,0.5967875,0.5609854999999999,0.5467884,0.5271880999999999,0.510121,0.5554394,0.46642510000000004,0.48415,0.4471047,0.5577434,0.5418598000000001,0.4886964,0.45858119999999997,0.46774340000000003,0.41753429999999997,0.46446629999999994,0.3089953,0.2819855,0.2929644,0.2988623,0.27945,0.35154179999999996,0.30278340000000004,0.3428192,0.3736262,0.3698028,0.37205759999999993,0.4058443,0.4047073,0.40815359999999995,0.41490600000000005,0.44517470000000003,0.42683000000000004,0.4481536,0.45657470000000006,0.432488,0.44614570000000003,0.4163562,0.40245879999999995,0.44038370000000004,0.4063553,0.3897815,0.40866220000000003,0.4574438,0.4941162,0.45894670000000004,0.4241433,0.44042790000000004,0.40635809999999994,0.4354375,0.4172774,0.39329770000000003,0.39128470000000004,0.3986821,0.37580549999999996,0.3888063,0.34428559999999997,0.3215328,0.3551902,0.39468949999999997,0.4293275,0.4526778,0.5682219000000001
Mississippi,1.0770841,0.9076254,0.8134784,0.8089698000000001,0.8188316,0.8232698,0.8293956,0.7730186,0.8048382,0.8464709,0.8319295,0.7682973000000001,0.7471025,0.6797166,0.7419299,0.5464246,0.4864162,0.5804109000000001,0.5392845,0.5802155999999999,0.6954111,0.6411768,0.6454629,0.6053189999999999,0.5126805,0.530745,0.47478519999999996,0.4113883,0.5053715999999999,0.5059367,0.5644331,0.5831192,0.6241444,0.6701613000000001,0.6974701999999999,0.5697681,0.5166648,0.520896,0.5552663000000001,0.48599,0.500207,0.512799,0.5181454000000001,0.511614,0.49884570000000006,0.4393653,0.516659,0.4828309,0.4187085,0.41995150000000003,0.4273888,0.5117536,0.6235878,0.5949182,0.5968539,0.6099749,0.6372597,0.6892334,0.6052394,0.5196122999999999,0.5096231999999999,0.5611161,0.6071496,0.6091555999999999,0.582677,0.5835696,0.5878890999999999,0.5767273,0.49189659999999996,0.49041850000000003,0.43856769999999995,0.46867600000000004,0.4691514,0.4691002,0.4972253,0.6292158,0.6270713000000001,0.6780470999999999,0.734653,0.8248751,0.9288629
Montana,1.3658952,1.1098237,1.0337454,1.0388704,0.9640315999999999,0.9390861999999999,0.9322895,0.8728505,0.8464068000000001,0.7597001999999999,0.6114400999999999,0.6676770000000001,0.6391342,0.6162463,0.5452916999999999,0.42840079999999997,0.42403230000000003,0.46606149999999996,0.46062790000000003,0.5067782999999999,0.4489317,0.41971840000000005,0.38291420000000004,0.5083039,0.49941140000000006,0.5137363,0.510397,0.5440644,0.6453734999999999,0.5984309,0.489701,0.43480509999999994,0.4424389,0.46844359999999996,0.5138543999999999,0.43417219999999995,0.5261005999999999,0.5389048000000001,0.5217564,0.4529595,0.40499359999999995,0.49199750000000003,0.43836049999999993,0.394884,0.38155900000000004,0.3825356,0.3454213,0.3370715,0.259081,0.31617540000000005,0.319285,0.3232056,0.2860867,0.3939767,0.43693869999999996,0.404754,0.3857645,0.390612,0.365318,0.4404095,0.3566518,0.3015285,0.29157150000000004,0.25364539999999997,0.2363869,0.1949975,0.1269353,0.18658450000000001,0.24068009999999998,0.28525490000000003,0.3511533,0.3454702,0.3662106,0.3480277,0.42293590000000003,0.46011540000000006,0.40609520000000005,0.442824,0.47203459999999997,0.566879,0.6107670999999999
North Carolina,0.7948251999999999,0.7075759,0.7427066999999999,0.7137832,0.6819868,0.6930506999999999,0.688634,0.6579461,0.6240401,0.5389798000000001,0.5207571,0.5629162,0.5162576,0.5217705,0.5494661999999999,0.5293874,0.5117829,0.49373409999999995,0.4897885,0.5144350000000001,0.5026305999999999,0.49801949999999995,0.4879655,0.4723213,0.4626414000000001,0.4566424,0.4337375,0.44372079999999997,0.4325697,0.45808059999999995,0.47199090000000005,0.4991979,0.48739670000000007,0.4958193,0.47291059999999996,0.4716984,0.4341191,0.43570699999999996,0.39428,0.4044211,0.3791771,0.3584684,0.3423913,0.3477808,0.329992,0.3210421,0.3195864,0.3118459,0.33596750000000003,0.3421447,0.34483,0.33958130000000003,0.35603320000000005,0.34987959999999996,0.3655755,0.3428025,0.3498461,0.3457118,0.37465940000000003,0.3783631,0.3736788,0.3613804,0.387626,0.3685354,0.3722949,0.35548029999999997,0.3615421,0.3798259,0.3905953,0.3788905,0.3888566,0.39393190000000006,0.39958699999999997,0.3815761,0.3589104,0.3932228,0.40980950000000005,0.42284970000000005,0.4087258,0.41205820000000004,0.4377089
North Dakota,0.3338893,0.8718517,0.7423624,0.5900289000000001,0.6063105,0.5989285,0.5967691999999999,0.6322781999999999,0.5353069,0.5614228,0.6907876000000001,0.6899661,0.6819824999999999,0.6466069999999999,0.6954393,0.6169694,0.5394394,0.8617408999999999,0.7400047,0.6909678000000001,0.6835116,0.5854792,0.665626,0.6367438,0.427975,0.4719782,0.4994299,0.4771525,0.4970817,0.3218803,0.30573649999999997,0.362478,0.32497220000000004,0.26046959999999997,0.3596179,0.4225482,0.5098294,0.5694471,0.5345446,0.5383536,0.6384839,0.5618645,0.41939030000000005,0.3561965,0.5129445,0.5055397,0.5566146,0.48395879999999997,0.47733059999999994,0.5341968,0.5875399,0.4536473,0.44896099999999994,0.3478986,0.37670770000000003,0.4439807,0.49656350000000005,0.5791641,0.5343166,0.5790390000000001,0.6509494,0.8000958,0.7473147,0.7270949999999999,0.6126424,0.6462448000000001,0.5358914,0.5206429,0.3723837,0.45352600000000004,0.3628673,0.3259683,0.3559375,0.4270130999999999,0.3713942,0.4004946,0.2529333,0.400355,0.5940805,0.8287523000000001,0.8198613000000001
Nebraska,0.7355821,1.1483069,0.9904789,1.0404067,0.997326,1.0005502,0.9943861999999999,0.969885,0.8735106,0.8604630999999999,0.6882344,0.7471975000000001,0.7033696,0.8081113,0.8919238000000002,0.7820324000000001,0.8314898000000001,0.7332174,0.6805134,0.7324203,0.5999251999999999,0.5437875,0.4618518,0.4933467000000001,0.491125,0.46321049999999997,0.3832565,0.352679,0.337673,0.3864848,0.4054241,0.43874090000000004,0.45485349999999997,0.5121958,0.5932518,0.6683253,0.6903096,0.6507923000000001,0.6786013000000001,0.7022069000000001,0.6903957,0.6799493000000001,0.7972285,0.7451091999999999,0.7376418,0.7316514000000001,0.7424195,0.6729706,0.6569158,0.5365222,0.5490844,0.5240239999999999,0.5051232,0.4421344,0.4836817,0.44087489999999996,0.4398901,0.5088089,0.5091483,0.5171445,0.5169411,0.5292734,0.5228258,0.5516399999999999,0.4617437,0.49275559999999996,0.5133888,0.4944389,0.49167510000000003,0.5200180999999999,0.44643279999999996,0.45963459999999995,0.4014919,0.3719538,0.4201944,0.4175432,0.42743770000000003,0.4924516,0.46883230000000004,0.587907,0.523158
New Hampshire,0.6195175,0.7646181,0.7140946,0.7448805000000001,0.7409332,0.7810265000000001,0.7749159999999999,0.8180705,0.7651679,0.8286976999999999,0.8262523,0.8359405999999999,0.6590578,0.6488643,0.5832458,0.6104429,0.5754954999999999,0.5254211,0.45528409999999997,0.517764,0.5930451,0.4990215,0.5574254,0.4901737,0.502761,0.5833927,0.5505542,0.5200202,0.5356654000000001,0.5409754,0.5834632,0.5777544,0.5090919,0.5621971,0.5504954000000001,0.502541,0.4198754,0.3700225,0.40835509999999997,0.38760370000000005,0.33828990000000003,0.28659819999999997,0.30290120000000004,0.3276126,0.33919770000000005,0.3044487,0.388033,0.39251959999999997,0.3861117,0.42810360000000003,0.3759451,0.34808290000000003,0.3214077,0.2144979,0.1938842,0.2230886,0.1508344,0.1621912,0.2034716,0.21671479999999996,0.215527,0.2204649,0.2026529,0.270764,0.28141900000000003,0.233219,0.2092732,0.2338881,0.23716279999999998,0.2363629,0.2108449,0.1951879,0.19909949999999998,0.1869149,0.199863,0.2033112,0.2193734,0.25642600000000004,0.304383,0.29643709999999995,0.3966866
New Jersey,1.0297235,1.1303048,1.1820713999999999,1.121979,1.1105721000000002,1.1136848999999998,1.1091475,1.0949711000000002,1.0423711,0.9479436,0.9334244,0.9723378,0.9214537,0.8984164000000001,0.9070911,0.9360119,0.9054776,0.8973139000000001,0.7918187,0.7960715,0.7712703000000001,0.7748885,0.7426178000000001,0.715701,0.6914334,0.6601419,0.6276368,0.6617622,0.6496079,0.5899863000000001,0.5763037,0.6052097,0.6340863,0.6227085,0.6327469,0.5986704,0.6364835999999999,0.6283082,0.5655343,0.543616,0.5369006,0.4471611,0.4079066,0.37845959999999995,0.36972540000000004,0.3370351,0.3233038,0.3451929,0.3528466,0.3527795,0.363757,0.4022388,0.4351192,0.44078770000000006,0.41226130000000005,0.3872506,0.4169974,0.3987549,0.3600452,0.3161775,0.3080879,0.3298458,0.3581723,0.34225900000000004,0.36200170000000004,0.3420242,0.41938149999999996,0.4050789,0.36717659999999996,0.37508969999999997,0.3662842,0.3543005,0.40135370000000004,0.3356903,0.338574,0.3446759,0.36468140000000004,0.36723540000000005,0.3765047,0.3599,0.3670605
New Mexico,0.5095964,0.5928426,0.6072706,0.6305066,0.5659335999999999,0.5730861999999999,0.5672399,0.5920840999999999,0.5577108000000001,0.5050366,0.36752090000000004,0.4848338,0.4797357,0.5674115,0.4465241,0.48282579999999997,0.4440393,0.4151939,0.4893885,0.45769609999999994,0.33108059999999995,0.40523509999999996,0.3768081,0.42461809999999994,0.4714093,0.46968509999999997,0.4677876,0.6105425999999999,0.5960885,0.5967904,0.6881316999999999,0.6569814,0.5894526999999999,0.6559663,0.4919933,0.46946540000000003,0.5139159000000001,0.4245969,0.4501569,0.5321897,0.5066584,0.5124728000000001,0.4990458,0.4672839,0.42587250000000004,0.4109126,0.3461257,0.3199607,0.3000175,0.3141877,0.316731,0.3257109,0.38282340000000004,0.3526781,0.32585159999999996,0.314305,0.304897,0.3244725,0.3011364,0.2759328,0.2942504,0.3102232,0.2941307,0.28913479999999997,0.31863579999999997,0.280364,0.26543449999999996,0.3499163,0.3671114,0.4106999,0.4051526,0.37495809999999996,0.4443804,0.4438576,0.35897870000000004,0.29759709999999995,0.2534445,0.2207373,0.2634061,0.2570161,0.2897309
Nevada,1.0125474,0.983302,0.9443969999999999,0.8402224,0.8466292,0.8348107,0.833198,0.7762696,0.715858,0.6403456,0.7347741999999999,0.685358,0.7263053,0.7261985,0.8749540000000001,0.8217821,0.8124852,0.8625054,0.7200675,0.7850441,0.7862743000000001,0.7012316,0.6137251,0.533935,0.45289309999999994,0.5593545,0.47793209999999997,0.4219436,0.45682799999999996,0.481191,0.511524,0.5438397,0.47781229999999997,0.4886871,0.4763024,0.398363,0.3681798,0.3908074,0.3798188,0.31694720000000004,0.24216880000000002,0.3030218,0.29692329999999995,0.344508,0.372321,0.36789520000000003,0.4019835,0.41493630000000004,0.41421450000000004,0.40172009999999997,0.32843,0.23162629999999998,0.2257256,0.24743969999999998,0.27488029999999997,0.2907916,0.3641499,0.4130027,0.4680613,0.4497735,0.4608879,0.5064299,0.41411549999999997,0.3891482,0.4200534000000001,0.45270390000000005,0.4686194,0.48210159999999996,0.3865995,0.45811090000000004,0.42249200000000003,0.4236747,0.46708679999999997,0.5279925,0.5108064999999999,0.6262409999999999,0.5472644,0.5672401,0.5519791000000001,0.5283232,0.5100969
New York,1.5287597,1.6109236,1.6025178,1.5979508999999998,1.5609674999999998,1.5538849,1.5488813999999997,1.4987975,1.3773749,1.2802043,1.1130613,1.0571834999999998,0.9957292,0.9969363000000001,0.9959292,0.9443306999999999,0.8652270000000001,0.8070835,0.7592986999999999,0.7634413000000001,0.7078286,0.6466244999999999,0.6186705,0.6239008,0.6146065,0.6084494,0.5700424,0.5513861999999999,0.5247164000000001,0.5090952999999999,0.4802809,0.4607965,0.44517840000000003,0.4276674,0.42094659999999995,0.4216515,0.3878899,0.3565915,0.3750403,0.35671540000000007,0.36760879999999996,0.3445277,0.3346804,0.33736220000000006,0.3540813,0.3386877,0.38277140000000004,0.37747090000000005,0.38354770000000005,0.4059967,0.402372,0.40429390000000004,0.3864364,0.3457105,0.3571308,0.3543519,0.32442659999999995,0.3172603,0.3043706,0.327866,0.3600571,0.3650468,0.3491154,0.3465515,0.35777620000000004,0.36686409999999997,0.34118200000000004,0.33609859999999997,0.3423892,0.3721072,0.3783611,0.36319759999999995,0.34161479999999994,0.36087600000000003,0.342528,0.321261,0.3251949,0.3252889,0.32768850000000005,0.33271009999999995,0.3565261
Ohio,0.7800344,0.8676318999999999,0.8206412000000001,0.8008458,0.7841954000000001,0.7794842,0.7858107,0.7751704,0.7094651,0.7164696999999999,0.7048298000000001,0.7241951,0.724779,0.7041859,0.6968385,0.6819856,0.6495875,0.5962656,0.5653057,0.564705,0.5364131,0.5464475000000001,0.5341334,0.5020454000000001,0.5128818,0.522386,0.4995685,0.48171790000000003,0.4542892,0.45839480000000005,0.45349709999999993,0.4592068,0.4219569,0.4176335,0.42098389999999997,0.41741579999999995,0.4010628,0.42863090000000004,0.4207099,0.407258,0.3876915,0.3891843,0.3856782,0.389967,0.3703623,0.3519782,0.36074090000000003,0.3787639,0.3621816,0.3481484,0.3347178,0.3295322,0.347458,0.360136,0.33541809999999994,0.3508618,0.3437967,0.39364,0.3866752,0.3619751,0.3427985,0.3561167,0.3454104,0.3453777,0.31223029999999996,0.30985419999999997,0.31303179999999997,0.3381615,0.3467367,0.361056,0.3796884,0.3459083,0.3639225,0.34120409999999995,0.3297343,0.31993740000000004,0.3087605,0.3048788,0.31545959999999995,0.29833059999999995,0.3144984
Oklahoma,0.8704582000000001,0.9800631999999999,0.9708314,0.9518986999999999,0.9955361999999999,1.002948,1.0025642,0.9902704999999999,0.9423771000000001,0.9483111999999999,0.8772481,0.6968015000000001,0.6453305,0.6406181,0.6505915,0.7798585,0.7173292,0.8493154,0.8147519,0.8673050999999999,0.8263584999999999,0.7274696999999999,0.6140933000000001,0.6152909000000001,0.6178294,0.6014333000000001,0.5390684,0.4671089,0.4586558,0.4851951,0.4698876,0.4645143,0.46475150000000004,0.4330905,0.4749624,0.5884775999999999,0.5564109,0.5255425,0.42810879999999996,0.44100920000000005,0.44330649999999994,0.4673597,0.42330829999999997,0.4238978,0.4368982,0.48504319999999995,0.4681656,0.48324040000000007,0.4675619000000001,0.4284081,0.4086203,0.4108894,0.3476964,0.38692709999999997,0.43706890000000004,0.44761049999999997,0.4885348,0.5011736,0.48573310000000003,0.5234121,0.5053021,0.44228670000000003,0.4433821,0.44317829999999997,0.47561049999999994,0.5262916,0.5223822,0.5676386999999999,0.5825585,0.5820642,0.5958856,0.5989943,0.5542882,0.5845041999999999,0.5267998,0.5104936999999999,0.5384904,0.5171485,0.5740784000000001,0.6271786,0.5892324000000001
Oregon,1.1649704,1.1172657,1.0086704,1.0393489,1.034398,1.01904,1.0218298000000001,0.9920424000000001,0.9487049000000001,1.0124446,0.8955328000000001,0.8906764000000001,0.8937669,0.8849229999999999,0.9212482,0.8812704,0.8190363,0.8468608,0.7850010000000001,0.7794533,0.6483770999999999,0.5945680999999999,0.5689321999999999,0.5523471999999999,0.5281901,0.4809268,0.4696369000000001,0.519808,0.49224480000000004,0.44442200000000004,0.42757870000000003,0.4188832,0.4467634,0.45645559999999996,0.4096369000000001,0.3808704,0.5276294,0.5036161,0.4856172,0.439566,0.3908129,0.4319321,0.47127939999999996,0.3687316,0.40019970000000005,0.3882408,0.361661,0.3563564,0.3514107,0.30546609999999996,0.3446493,0.3271115,0.3279517,0.3532464,0.3593436,0.32371409999999995,0.33870370000000005,0.2958809,0.2554321,0.2610234,0.256,0.2418054,0.2645647,0.2342736,0.25101599999999996,0.29329340000000004,0.29775690000000005,0.3480002,0.36137759999999997,0.3558797,0.3795114,0.3707371,0.3384801,0.3377094,0.291829,0.28713720000000004,0.3278763,0.30073720000000004,0.282927,0.3178141,0.30577009999999993
Pennsylvania,0.8524224,0.6994632,0.7010586999999999,0.6712068,0.6877231,0.6840495,0.688179,0.6755211,0.6870111,0.6656380000000001,0.68172,0.6280262,0.6133189,0.5906174,0.5826403,0.5357899,0.5100782,0.5264166,0.5445436,0.5407173000000001,0.5097961,0.47949319999999995,0.4735786,0.4629379,0.42865329999999996,0.4000107,0.3947739,0.3963401,0.3575011,0.35452059999999996,0.36917859999999997,0.3457875,0.3586586,0.3420267,0.3397705,0.3906953,0.35759,0.3231906,0.3962992,0.372689,0.3822908,0.37160129999999997,0.34466379999999996,0.3536152,0.3517413,0.3064008,0.30537220000000004,0.2837147,0.29934140000000004,0.3060614,0.3020963,0.2866123,0.27450240000000004,0.2865304,0.2840539,0.28744759999999997,0.28260409999999997,0.2920578,0.33525520000000003,0.33514629999999995,0.3137508,0.3173244,0.2980715,0.2846097,0.2814056,0.2504456,0.26869829999999995,0.2697423,0.2723928,0.2694893,0.2862568,0.2742741,0.2894988,0.2825728,0.2947598,0.2981611,0.2948958,0.27398429999999996,0.3029777,0.277503,0.2961598
Puerto Rico,0.0,0.0,0.0,0.0,0.0,0.0,0.0,0.0,0.0,0.0,0.0,0.0,0.0,0.0,0.0,0.0,0.0,0.0,0.0,0.0,0.0,1.078869,0.2666667,0.2624672,0.0,0.0,0.0,0.0,0.0,0.0,0.0,0.0,0.0,0.0,0.0,0.0,0.0,0.0,0.0,0.0,0.0,0.0,0.0,0.0,0.0,0.0,0.0,0.0,0.0,0.0,0.0,0.0,0.0,0.0,0.0,0.0,0.0,0.4651163,0.462963,0.47169809999999995,0.5181347,0.5617978,0.6060606,0.6756757,0.0,0.0,0.0,0.0,0.0,0.0,0.0,0.0,0.9259259,0.9259259,0.9523809999999999,0.9090908999999999,0.9615385000000001,0.9345794,0.9345794,0.0,0.6289308000000001
Rhode Island,0.8194206,0.5418106,0.6852219,0.6983682,0.6641295,0.6924676,0.7147149,0.6908864,0.7958525,0.6742041999999999,0.5917266999999999,0.5870089,0.4396459,0.4463927,0.486311,0.392281,0.41789350000000003,0.4822814,0.5881404,0.5738304,0.5044869000000001,0.44506549999999995,0.4621663,0.5733439,0.5115314000000001,0.41244709999999996,0.3967932,0.4049723,0.41412040000000006,0.33499270000000003,0.3430491,0.31845409999999996,0.3738843,0.45883630000000003,0.4215232,0.4218151,0.4352487,0.2594655,0.48413779999999995,0.46258710000000003,0.5182394,0.6437371000000001,0.6243930999999999,0.6257666000000001,0.6626986999999999,0.4900094,0.5075497999999999,0.46277840000000003,0.3968296,0.3802473,0.45924560000000003,0.4505258,0.4608768,0.4235876,0.4177374,0.3340212,0.30104440000000005,0.2494945,0.2143884,0.3588017,0.34387690000000004,0.3216968,0.3351337,0.3284933,0.3737468,0.41852920000000005,0.28650820000000005,0.3231625,0.3142463,0.4390062,0.46940770000000004,0.4379245,0.44603459999999995,0.47116610000000003,0.4815724,0.4665762,0.3278669,0.3575959,0.34493709999999994,0.344979,0.3243032
South Carolina,0.8090693,0.7596126999999999,0.7825996999999999,0.7326872,0.7380946,0.7577304,0.7540518,0.7347491999999999,0.710274,0.6460838000000001,0.6582758000000001,0.5730506999999999,0.5126717000000001,0.5219132000000001,0.49479229999999996,0.5652731,0.5366661,0.5457943000000001,0.5644626,0.572815,0.5978114000000001,0.5821538,0.5234167000000001,0.5223172,0.49029870000000003,0.4738478,0.44026499999999996,0.40350440000000004,0.4077805,0.36200240000000006,0.3829121,0.3901898,0.42072709999999996,0.4279522,0.4077067,0.40262909999999996,0.4194902,0.3482927,0.3583668,0.3478202,0.349089,0.3549775,0.36143800000000004,0.4010837,0.4293925,0.4111102,0.3991774,0.4001615,0.4020161,0.3721412,0.325653,0.34435459999999996,0.357213,0.3496847,0.33931809999999996,0.3199012,0.3556507,0.3378541,0.3535209,0.353308,0.3827677,0.41800590000000004,0.4077499,0.40597990000000006,0.46774399999999994,0.454618,0.4681869000000001,0.4653626,0.43558640000000004,0.49770649999999994,0.5159279999999999,0.5340520000000001,0.5353824,0.5391276999999999,0.6089183000000001,0.6570602,0.6595006999999999,0.696344,0.7278260999999999,0.6879987,0.7662813
South Dakota,1.2778614,1.312219,1.1449979,1.0289426,1.0251869,1.0021771000000002,0.9951091999999999,0.9833915000000001,0.8576724,0.9850790999999999,1.0789077,1.0330333,1.0944542,1.133699,1.0940644,1.0927171,0.8334662,0.7941809,1.2000028999999999,1.0987508999999998,1.0110519,0.9806103999999999,1.091636,1.092591,1.0537093000000002,0.8000672,0.7305590000000001,0.768039,0.7040503,0.5896913,0.5419776999999999,0.521753,0.4599745,0.4622568,0.3542513,0.43635609999999997,0.41395540000000003,0.3653679,0.4015236,0.3641688,0.38112870000000004,0.4359229,0.4112798,0.44238069999999996,0.44568779999999997,0.4873749,0.5303626,0.59682,0.5313426,0.5964655,0.5293026999999999,0.5765170999999999,0.5437215,0.535718,0.44319480000000006,0.42923469999999997,0.3893191,0.43381400000000003,0.40107370000000003,0.3238842,0.28537070000000003,0.326049,0.46649070000000004,0.4644246,0.42916899999999997,0.4013042,0.5250712,0.5820975,0.6005543999999999,0.5069207,0.46519049999999995,0.4819388,0.4647673,0.48415379999999997,0.5320142,0.5137547,0.46058469999999996,0.5482522,0.5840930000000001,0.7117161999999999,0.7958097
Tennessee,0.8041258000000001,0.7965466,0.8368445999999999,0.8184912,0.8241944,0.8279618000000001,0.8219735,0.8214523000000001,0.8302248999999999,0.7819274,0.7620854,0.6996548,0.6567367,0.6468941999999999,0.6208021,0.6107357,0.6173671,0.7127256999999999,0.7445194,0.7573179,0.7371116999999999,0.7748123,0.6856147,0.7108459,0.6514677,0.607921,0.5678555000000001,0.5593338999999999,0.5092978,0.5647718,0.48345740000000004,0.4561031,0.45423690000000005,0.48077250000000005,0.4969843,0.4439698,0.3713489,0.45732280000000003,0.47281409999999996,0.49512860000000003,0.43179540000000005,0.4300788,0.4750107,0.4986945,0.46114399999999994,0.45521320000000004,0.4525049,0.46603490000000003,0.5105946,0.45805640000000003,0.4456713,0.4002274,0.363247,0.364469,0.3900626,0.3254,0.3718593,0.3926633,0.41217200000000004,0.44709040000000005,0.44415459999999995,0.4494416,0.4900366,0.4609496,0.43802470000000004,0.48114629999999997,0.45301679999999994,0.4538371,0.4765008,0.42444719999999997,0.47289799999999993,0.4956076,0.4888657,0.49774890000000005,0.5144501,0.518134,0.5583333,0.506008,0.4992202,0.5182799,0.5864936
Texas,1.0301609,0.8106876999999999,0.7517356,0.7579588,0.7445289,0.7341156,0.7393721,0.6826025,0.6952259,0.7129842,0.6918612,0.6959433,0.686353,0.660248,0.6699213,0.6315212,0.6142779,0.6034185000000001,0.5822229999999999,0.5676101,0.5428187,0.5030068,0.4830394,0.45811620000000003,0.4307526,0.4224331,0.42255420000000005,0.44525950000000003,0.44940159999999996,0.4387286,0.4339052,0.433845,0.4348227,0.41373230000000005,0.38948979999999994,0.3781425,0.3911186,0.41263359999999993,0.41268940000000004,0.42710600000000004,0.4272496,0.4042573,0.4113999,0.4183878,0.3972237,0.4055043,0.3653813,0.38254740000000004,0.3946607,0.38377290000000003,0.35915690000000006,0.3578604,0.331948,0.37132509999999996,0.36080409999999996,0.37707809999999997,0.3853534,0.4011364,0.4023345,0.41676610000000003,0.3848316,0.3906886,0.3827458,0.38193109999999997,0.4152559,0.434791,0.4619566,0.5005382,0.51279,0.5146805,0.5592975,0.5260745,0.5547681999999999,0.6067786999999999,0.6255086,0.6770944000000001,0.7355756999999999,0.7636775,0.8534986999999999,0.9088825999999999,0.9468583
Utah,0.710631,0.8110071999999999,0.8610878000000001,0.9322395,0.9018354,0.8915493,0.8956427,0.9076688,0.8974003,0.8781853999999999,0.74365,0.7503486999999999,0.7689363,0.7656485,0.6950359,0.659338,0.669429,0.6289445,0.6438527,0.5503137,0.48015630000000004,0.4860811,0.5228617,0.47689970000000004,0.4582213,0.4506575,0.5115304,0.47191450000000007,0.46682170000000006,0.4191666,0.3969296,0.3688706,0.3281862,0.309681,0.4094708,0.362158,0.3951844,0.37354990000000005,0.38434209999999996,0.3851965,0.3330086,0.30868720000000005,0.31179470000000004,0.298597,0.32974549999999997,0.32941770000000004,0.29327179999999997,0.3228521,0.294624,0.3281788,0.3373314,0.3124355,0.3055407,0.3217403,0.28930300000000003,0.31589629999999996,0.376092,0.4307844,0.4466162,0.4855885999999999,0.4692577,0.5030511999999999,0.4735745,0.3732232,0.2826557,0.32170229999999994,0.28580859999999997,0.32236820000000005,0.3552548,0.3556057,0.3991633,0.4556505,0.4201896,0.41942340000000006,0.4517852,0.42283950000000003,0.5034582999999999,0.5754314,0.5350799,0.5641392,0.6248169
Virginia,0.9338314,0.7327145,0.7280338000000001,0.6559510000000001,0.6473668,0.6430903,0.6452113,0.6093584,0.5886326,0.5521933000000001,0.5989838000000001,0.6261285,0.6526743,0.6220063,0.6175968000000001,0.5938094,0.6130493,0.6041916,0.5156476,0.5332955,0.5361882,0.5055586,0.49081379999999997,0.4371934,0.4408282,0.4402324000000001,0.41953190000000007,0.4292634,0.41458690000000004,0.42391540000000005,0.3883501,0.3823654,0.3920013,0.3607427,0.3479305,0.3836103,0.40462509999999996,0.42760020000000004,0.3832935,0.4205784000000001,0.39314740000000004,0.3523719,0.37999109999999997,0.34057540000000003,0.3326349,0.3662513,0.34423990000000004,0.3657488,0.4074933,0.3543671,0.3786113,0.39342350000000004,0.3878897,0.39670359999999993,0.3896832,0.387206,0.43262449999999997,0.42896229999999996,0.423601,0.4192885,0.4147755,0.4107686,0.4107948,0.3922044,0.39144850000000003,0.4134145,0.4037937,0.3855855,0.3651742,0.3138259,0.3173978,0.30132790000000004,0.30011409999999994,0.3310208,0.3534276,0.36201209999999995,0.3731443,0.3636353,0.36276929999999996,0.3315785,0.2945737
Vermont,0.41841000000000006,0.6339557,0.4778934,0.7389650999999999,0.8089618000000001,0.8203623,0.8135871,0.8621001,0.9107764000000002,1.0545666,0.7341975000000001,0.5188843,0.4231299,0.38224179999999996,0.32449759999999994,0.21491210000000002,0.2289717,0.24571590000000001,0.3182354,0.3371551,0.32807390000000003,0.3496165,0.32293720000000004,0.3887782,0.387853,0.36860859999999995,0.44179079999999993,0.5175597,0.5893411999999999,0.6072346,0.5391522,0.5306164000000001,0.5568469,0.5438177,0.46116450000000003,0.368627,0.334661,0.33492790000000006,0.3108,0.3456218,0.3454653,0.3368372,0.23745389999999997,0.2115317,0.23493409999999998,0.2524689,0.1853781,0.0949913,0.10144919999999999,0.1001683,0.0950327,0.06066559999999999,0.0849256,0.0905192,0.0917873,0.15561,0.20475,0.21617139999999999,0.23457979999999998,0.2924271,0.2757415,0.31340559999999995,0.2371759,0.1873934,0.2554315,0.2583433,0.16371760000000002,0.1930461,0.1957917,0.1812426,0.2428318,0.25551660000000004,0.29594990000000004,0.3887556,0.41113190000000005,0.3822627,0.40764,0.45465379999999994,0.3484736,0.286497,0.1518602
Washington,0.9921193000000001,0.8545696,0.7522984,0.7513248,0.7377376,0.7468206999999999,0.7427611999999999,0.707673,0.6705789000000001,0.6965979999999999,0.6380279000000001,0.6416367,0.5783974000000001,0.5602895999999999,0.5027086,0.45793540000000005,0.4630385,0.46166450000000003,0.5182313000000001,0.5296774000000001,0.5280743,0.5221969,0.5227975,0.5237213,0.5560935,0.4802692,0.4662418,0.4446245,0.4630196,0.43169830000000003,0.3864053,0.348093,0.3560914,0.3694715,0.4066833,0.3890869,0.381237,0.4077655,0.35747059999999997,0.3775668,0.361215,0.34648779999999996,0.3300442,0.3179715,0.3829219,0.38447159999999997,0.3783054,0.3672176,0.35026209999999997,0.3535491,0.3850274,0.3247308,0.33292859999999996,0.3265531,0.3014691,0.3145865,0.3072368,0.26783290000000004,0.27541079999999996,0.2700101,0.2490902,0.2758183,0.2905741,0.27657950000000003,0.3023843,0.30611209999999994,0.31834609999999997,0.3509978,0.3723054,0.3446017,0.35518249999999996,0.374153,0.3649437,0.3608996,0.3513644,0.3061836,0.3053555,0.3337814,0.29770599999999997,0.2655729,0.2638247
Wisconsin,0.8344280999999999,0.8897826999999999,0.7949694,0.7646156,0.8042663000000001,0.8129466,0.8124226,0.7852020000000001,0.7254145000000001,0.768599,0.7893348000000001,0.7142016,0.7185368000000001,0.6883035,0.7269274,0.697631,0.6808562,0.7589469,0.715448,0.6667736999999999,0.6335215,0.5663471999999999,0.5420435,0.5298295999999999,0.4559084,0.403834,0.3533627,0.3925137,0.4422905,0.456434,0.39891659999999995,0.3959439,0.42304830000000004,0.4443101,0.44319129999999995,0.3958991,0.36097890000000005,0.39800100000000005,0.4542902,0.421174,0.39259109999999997,0.3532896,0.3928897,0.4280732,0.4170173,0.3971155,0.41330029999999995,0.4154811,0.42736549999999995,0.3569498,0.3432534,0.3167522,0.2889623,0.29336740000000006,0.2998637,0.2959134,0.3163836,0.3306823,0.3200175,0.33935959999999993,0.29021579999999997,0.2867612,0.2654873,0.27957220000000005,0.24775879999999997,0.26773759999999996,0.2355376,0.26004520000000003,0.25426679999999996,0.25115679999999996,0.2575358,0.2458547,0.24970679999999998,0.2621056,0.3239032,0.29824140000000005,0.33697790000000005,0.3328386,0.3485606,0.3601689,0.37206079999999997
West Virginia,0.7077143,0.6265111,0.7010235,0.7090589,0.7024587,0.7031914,0.6980754,0.7094285,0.6944792,0.6219916999999999,0.6067206,0.5522815,0.548702,0.5673315999999999,0.5259161,0.6857343000000001,0.6257425999999999,0.5844839,0.5992173000000001,0.6178014000000001,0.5967028,0.5994477,0.5362774,0.5311575,0.46889200000000003,0.4968009,0.459535,0.43074929999999995,0.4557549,0.40345890000000006,0.4962022,0.5325774999999999,0.5071193,0.5097144,0.5079077000000001,0.38769440000000005,0.3485414,0.24822270000000002,0.2308317,0.2122659,0.2020567,0.270861,0.2739298,0.2806229,0.36034440000000006,0.34644369999999997,0.40316579999999996,0.3926476,0.3351531,0.3657882,0.35989709999999997,0.30412059999999996,0.3292094,0.310627,0.3496322,0.4032489,0.40230520000000003,0.41890479999999997,0.4065789,0.41741350000000005,0.42578299999999997,0.3846225,0.3465377,0.3302295,0.39286309999999997,0.4105808,0.359987,0.35069240000000007,0.44992139999999997,0.43591579999999996,0.42227939999999997,0.3709702,0.33262800000000003,0.389045,0.425462,0.3298753,0.3224896,0.3310033,0.3954634,0.4709291,0.49222790000000005
Wyoming,1.7435726000000003,1.2377917,1.0447688,1.1168008999999999,1.1317979999999999,1.1242357,1.1142201999999999,0.9617254999999999,1.0243384,1.0276489,0.7983617,0.6701208000000001,0.6411102,0.6631821,0.7249699000000001,0.46670600000000007,0.5776595999999999,0.6489814,0.6137767,0.6545920999999999,0.7045268,0.7058873999999999,0.6735188,0.6586105999999999,0.5428685999999999,0.5424021,0.5844109000000001,0.6942634,0.8625301,0.8029476999999999,1.0212779,1.1110826,1.2259045,1.1916803999999999,0.8937181999999999,0.6707672,0.6794831,0.4846465999999999,0.43377429999999995,0.6037353,0.6270814,0.6074963000000001,0.6790708000000001,0.8049158000000001,0.6441698,0.7373877,0.5416226,0.4470088,0.4485567,0.3659307,0.26622429999999997,0.34283070000000004,0.297574,0.3492088,0.3850579,0.430363,0.5168106,0.49344099999999996,0.5604766999999999,0.5463456,0.5246684,0.6298948,0.7170943000000001,0.6457444999999999,0.6585614000000001,0.5947416,0.6607797,0.7922996,0.7140198,0.620884,0.6428068,0.7903167,0.6749713,0.6101239,0.45703119999999997,0.5293353,0.7194416,0.7952616,0.6476771,0.6664116,0.7418855999999999
