Test Date,County,New Positives,Cumulative Number of Positives,Total Number of Tests Performed,Cumulative Number of Tests Performed
04/06/2020,Albany,14,333,86,4330
04/06/2020,Allegany,0,17,3,199
04/06/2020,Bronx,1021,15348,1996,29367
04/06/2020,Broome,10,86,47,654
04/06/2020,Cattaraugus,1,13,14,265
04/06/2020,Cayuga,3,14,33,418
04/06/2020,Chautauqua,1,16,37,274
04/06/2020,Chemung,2,49,22,568
04/06/2020,Chenango,5,51,42,254
04/06/2020,Clinton,1,37,16,296
04/06/2020,Columbia,2,61,15,491
04/06/2020,Cortland,3,16,25,583
04/06/2020,Delaware,7,36,30,231
04/06/2020,Dutchess,60,1249,335,4779
04/06/2020,Erie,112,1135,396,4871
04/06/2020,Essex,0,7,5,111
04/06/2020,Franklin,0,10,5,162
04/06/2020,Fulton,2,13,18,223
04/06/2020,Genesee,10,33,37,334
04/06/2020,Greene,0,24,13,299
04/06/2020,Hamilton,0,2,0,17
04/06/2020,Herkimer,2,27,19,226
04/06/2020,Jefferson,6,39,63,748
04/06/2020,Kings,1177,20879,2245,39854
04/06/2020,Lewis,0,6,11,123
04/06/2020,Livingston,1,23,18,253
04/06/2020,Madison,6,88,64,571
04/06/2020,Monroe,22,596,305,5451
04/06/2020,Montgomery,3,18,20,218
04/06/2020,Nassau,994,16610,2097,36320
04/06/2020,New York,572,11012,1249,26402
04/06/2020,Niagara,6,126,44,617
04/06/2020,Oneida,18,118,90,954
04/06/2020,Onondaga,64,335,689,4941
04/06/2020,Ontario,1,33,32,502
04/06/2020,Orange,202,3599,604,10420
04/06/2020,Orleans,2,15,17,193
04/06/2020,Oswego,2,31,70,671
04/06/2020,Otsego,0,34,43,368
04/06/2020,Putnam,21,366,72,1381
04/06/2020,Queens,1707,24840,2864,43256
04/06/2020,Rensselaer,5,67,30,1360
04/06/2020,Richmond,218,4797,605,10679
04/06/2020,Rockland,287,5990,662,13506
04/06/2020,Saratoga,2,155,40,2083
04/06/2020,Schenectady,7,145,35,1437
04/06/2020,Schoharie,1,12,19,179
04/06/2020,Schuyler,0,4,4,108
04/06/2020,Seneca,1,10,8,149
04/06/2020,St. Lawrence,1,60,64,736
04/06/2020,Steuben,0,75,22,465
04/06/2020,Suffolk,1030,14517,2323,33225
04/06/2020,Sullivan,17,270,77,1451
04/06/2020,Tioga,0,8,10,209
04/06/2020,Tompkins,3,97,23,1702
04/06/2020,Ulster,26,398,117,2256
04/06/2020,Warren,5,31,15,536
04/06/2020,Washington,0,19,13,332
04/06/2020,Wayne,1,35,31,478
04/06/2020,Westchester,510,14804,1348,46701
04/06/2020,Wyoming,0,23,7,188
04/06/2020,Yates,0,1,3,83
04/05/2020,Albany,14,319,89,4244
04/05/2020,Allegany,1,17,8,196
04/05/2020,Bronx,959,14327,1628,27371
04/05/2020,Broome,5,76,33,607
04/05/2020,Cattaraugus,2,12,16,251
04/05/2020,Cayuga,3,11,31,385
04/05/2020,Chautauqua,4,15,50,237
04/05/2020,Chemung,9,47,50,546
04/05/2020,Chenango,3,46,27,212
04/05/2020,Clinton,3,36,14,280
04/05/2020,Columbia,8,59,23,476
04/05/2020,Cortland,3,13,42,558
04/05/2020,Delaware,2,29,28,201
04/05/2020,Dutchess,112,1189,338,4444
04/05/2020,Erie,105,1023,549,4475
04/05/2020,Essex,0,7,4,106
04/05/2020,Franklin,0,10,5,157
04/05/2020,Fulton,2,11,20,205
04/05/2020,Genesee,1,23,11,297
04/05/2020,Greene,0,24,12,286
04/05/2020,Hamilton,0,2,0,17
04/05/2020,Herkimer,3,25,23,207
04/05/2020,Jefferson,7,33,98,685
04/05/2020,Kings,1144,19702,2013,37609
04/05/2020,Lewis,3,6,11,112
04/05/2020,Livingston,3,22,14,235
04/05/2020,Madison,3,82,13,507
04/05/2020,Monroe,26,574,225,5146
04/05/2020,Montgomery,0,15,8,198
04/05/2020,Nassau,1218,15616,2363,34223
04/05/2020,New York,542,10440,1162,25153
04/05/2020,Niagara,4,120,44,573
04/05/2020,Oneida,13,100,87,864
04/05/2020,Onondaga,3,271,89,4252
04/05/2020,Ontario,0,32,26,470
04/05/2020,Orange,295,3397,827,9816
04/05/2020,Orleans,2,13,16,176
04/05/2020,Oswego,1,29,39,601
04/05/2020,Otsego,5,34,41,325
04/05/2020,Putnam,31,345,122,1309
04/05/2020,Queens,1697,23133,2730,40392
04/05/2020,Rensselaer,2,62,29,1330
04/05/2020,Richmond,288,4579,600,10074
04/05/2020,Rockland,377,5703,732,12844
04/05/2020,Saratoga,5,153,34,2043
04/05/2020,Schenectady,10,138,64,1402
04/05/2020,Schoharie,0,11,17,160
04/05/2020,Schuyler,0,4,9,104
04/05/2020,Seneca,0,9,11,141
04/05/2020,St. Lawrence,4,59,43,672
04/05/2020,Steuben,12,75,40,443
04/05/2020,Suffolk,1082,13487,2211,30902
04/05/2020,Sullivan,19,253,91,1374
04/05/2020,Tioga,1,8,10,199
04/05/2020,Tompkins,6,94,94,1679
04/05/2020,Ulster,40,372,182,2139
04/05/2020,Warren,1,26,12,521
04/05/2020,Washington,1,19,2,319
04/05/2020,Wayne,2,34,15,447
04/05/2020,Westchester,571,14294,1398,45353
04/05/2020,Wyoming,1,23,6,181
04/05/2020,Yates,0,1,2,80
04/04/2020,Albany,12,305,117,4155
04/04/2020,Allegany,0,16,8,188
04/04/2020,Bronx,1053,13368,1778,25743
04/04/2020,Broome,6,71,36,574
04/04/2020,Cattaraugus,1,10,12,235
04/04/2020,Cayuga,1,8,32,354
04/04/2020,Chautauqua,1,11,28,187
04/04/2020,Chemung,2,38,35,496
04/04/2020,Chenango,4,43,17,185
04/04/2020,Clinton,2,33,23,266
04/04/2020,Columbia,2,51,15,453
04/04/2020,Cortland,0,10,38,516
04/04/2020,Delaware,1,27,12,173
04/04/2020,Dutchess,139,1077,352,4106
04/04/2020,Erie,110,918,402,3926
04/04/2020,Essex,0,7,4,102
04/04/2020,Franklin,0,10,6,152
04/04/2020,Fulton,0,9,12,185
04/04/2020,Genesee,2,22,12,286
04/04/2020,Greene,0,24,7,274
04/04/2020,Hamilton,0,2,0,17
04/04/2020,Herkimer,4,22,46,184
04/04/2020,Jefferson,6,26,75,587
04/04/2020,Kings,1054,18558,1990,35596
04/04/2020,Lewis,1,3,19,101
04/04/2020,Livingston,1,19,27,221
04/04/2020,Madison,5,79,28,494
04/04/2020,Monroe,36,548,277,4921
04/04/2020,Montgomery,2,15,14,190
04/04/2020,Nassau,1052,14398,2195,31860
04/04/2020,New York,598,9898,1278,23991
04/04/2020,Niagara,15,116,54,529
04/04/2020,Oneida,7,87,55,777
04/04/2020,Onondaga,6,268,131,4163
04/04/2020,Ontario,1,32,33,444
04/04/2020,Orange,361,3102,1077,8989
04/04/2020,Orleans,1,11,9,160
04/04/2020,Oswego,2,28,26,562
04/04/2020,Otsego,3,29,25,284
04/04/2020,Putnam,31,314,78,1187
04/04/2020,Queens,1322,21436,2255,37662
04/04/2020,Rensselaer,2,60,48,1301
04/04/2020,Richmond,218,4291,513,9474
04/04/2020,Rockland,454,5326,880,12112
04/04/2020,Saratoga,7,148,110,2009
04/04/2020,Schenectady,11,128,64,1338
04/04/2020,Schoharie,1,11,16,143
04/04/2020,Schuyler,0,4,2,95
04/04/2020,Seneca,3,9,15,130
04/04/2020,St. Lawrence,3,55,46,629
04/04/2020,Steuben,8,63,31,403
04/04/2020,Suffolk,1035,12405,2200,28691
04/04/2020,Sullivan,41,234,153,1283
04/04/2020,Tioga,0,7,8,189
04/04/2020,Tompkins,3,88,52,1585
04/04/2020,Ulster,42,332,188,1957
04/04/2020,Warren,5,25,13,509
04/04/2020,Washington,2,18,15,317
04/04/2020,Wayne,2,32,24,432
04/04/2020,Westchester,642,13723,1621,43955
04/04/2020,Wyoming,4,22,16,175
04/04/2020,Yates,0,1,6,78
04/03/2020,Albany,26,293,123,4038
04/03/2020,Allegany,2,16,13,180
04/03/2020,Bronx,1229,12315,2108,23965
04/03/2020,Broome,9,65,55,538
04/03/2020,Cattaraugus,0,9,8,223
04/03/2020,Cayuga,1,7,15,322
04/03/2020,Chautauqua,1,10,20,159
04/03/2020,Chemung,1,36,28,461
04/03/2020,Chenango,7,39,40,168
04/03/2020,Clinton,1,31,11,243
04/03/2020,Columbia,7,49,20,438
04/03/2020,Cortland,0,10,32,478
04/03/2020,Delaware,2,26,18,161
04/03/2020,Dutchess,129,938,447,3754
04/03/2020,Erie,88,808,317,3524
04/03/2020,Essex,1,7,7,98
04/03/2020,Franklin,0,10,4,146
04/03/2020,Fulton,3,9,24,173
04/03/2020,Genesee,4,20,30,274
04/03/2020,Greene,1,24,10,267
04/03/2020,Hamilton,0,2,0,17
04/03/2020,Herkimer,4,18,27,138
04/03/2020,Jefferson,2,20,38,512
04/03/2020,Kings,1804,17504,3234,33606
04/03/2020,Lewis,0,2,5,82
04/03/2020,Livingston,2,18,18,194
04/03/2020,Madison,4,74,20,466
04/03/2020,Monroe,48,512,328,4644
04/03/2020,Montgomery,3,13,11,176
04/03/2020,Nassau,1322,13346,2694,29665
04/03/2020,New York,848,9300,1820,22713
04/03/2020,Niagara,7,101,47,475
04/03/2020,Oneida,9,80,58,722
04/03/2020,Onondaga,10,262,221,4032
04/03/2020,Ontario,3,31,36,411
04/03/2020,Orange,344,2741,1046,7912
04/03/2020,Orleans,1,10,11,151
04/03/2020,Oswego,0,26,31,536
04/03/2020,Otsego,5,26,53,259
04/03/2020,Putnam,31,283,96,1109
04/03/2020,Queens,1947,20114,3407,35407
04/03/2020,Rensselaer,2,58,18,1253
04/03/2020,Richmond,319,4073,679,8961
04/03/2020,Rockland,583,4872,1124,11232
04/03/2020,Saratoga,0,141,57,1899
04/03/2020,Schenectady,7,117,38,1274
04/03/2020,Schoharie,1,10,21,127
04/03/2020,Schuyler,1,4,5,93
04/03/2020,Seneca,0,6,7,115
04/03/2020,St. Lawrence,9,52,81,583
04/03/2020,Steuben,9,55,27,372
04/03/2020,Suffolk,1216,11370,2463,26491
04/03/2020,Sullivan,25,193,133,1130
04/03/2020,Tioga,0,7,9,181
04/03/2020,Tompkins,1,85,81,1533
04/03/2020,Ulster,27,290,141,1769
04/03/2020,Warren,1,20,7,496
04/03/2020,Washington,1,16,9,302
04/03/2020,Wayne,0,30,35,408
04/03/2020,Westchester,730,13081,1621,42334
04/03/2020,Wyoming,3,18,11,159
04/03/2020,Yates,0,1,3,72
04/02/2020,Albany,14,267,105,3915
04/02/2020,Allegany,2,14,18,167
04/02/2020,Bronx,1159,11086,1946,21857
04/02/2020,Broome,10,56,72,483
04/02/2020,Cattaraugus,1,9,24,215
04/02/2020,Cayuga,2,6,36,307
04/02/2020,Chautauqua,1,9,15,139
04/02/2020,Chemung,13,35,84,433
04/02/2020,Chenango,4,32,17,128
04/02/2020,Clinton,5,30,16,232
04/02/2020,Columbia,6,42,22,418
04/02/2020,Cortland,2,10,54,446
04/02/2020,Delaware,2,24,9,143
04/02/2020,Dutchess,142,809,415,3307
04/02/2020,Erie,103,720,429,3207
04/02/2020,Essex,0,6,2,91
04/02/2020,Franklin,1,10,19,142
04/02/2020,Fulton,0,6,10,149
04/02/2020,Genesee,2,16,23,244
04/02/2020,Greene,2,23,16,257
04/02/2020,Hamilton,0,2,0,17
04/02/2020,Herkimer,0,14,19,111
04/02/2020,Jefferson,3,18,56,474
04/02/2020,Kings,1396,15700,2512,30372
04/02/2020,Lewis,0,2,5,77
04/02/2020,Livingston,2,16,12,176
04/02/2020,Madison,10,70,70,446
04/02/2020,Monroe,44,464,336,4316
04/02/2020,Montgomery,2,10,8,165
04/02/2020,Nassau,1437,12024,2663,26971
04/02/2020,New York,609,8452,1294,20893
04/02/2020,Niagara,18,94,61,428
04/02/2020,Oneida,10,71,77,664
04/02/2020,Onondaga,18,252,195,3811
04/02/2020,Ontario,2,28,29,375
04/02/2020,Orange,404,2397,1114,6866
04/02/2020,Orleans,3,9,13,140
04/02/2020,Oswego,4,26,82,505
04/02/2020,Otsego,0,21,12,206
04/02/2020,Putnam,36,252,90,1013
04/02/2020,Queens,1899,18167,3048,32000
04/02/2020,Rensselaer,3,56,31,1235
04/02/2020,Richmond,287,3754,563,8282
04/02/2020,Rockland,538,4289,997,10108
04/02/2020,Saratoga,9,141,53,1842
04/02/2020,Schenectady,9,110,42,1236
04/02/2020,Schoharie,1,9,5,106
04/02/2020,Schuyler,0,3,13,88
04/02/2020,Seneca,2,6,13,108
04/02/2020,St. Lawrence,4,43,54,502
04/02/2020,Steuben,3,46,36,345
04/02/2020,Suffolk,1408,10154,2575,24028
04/02/2020,Sullivan,25,168,140,997
04/02/2020,Tioga,0,7,18,172
04/02/2020,Tompkins,10,84,160,1452
04/02/2020,Ulster,23,263,125,1628
04/02/2020,Warren,1,19,11,489
04/02/2020,Washington,3,15,13,293
04/02/2020,Wayne,3,30,28,373
04/02/2020,Westchester,784,12351,1632,40713
04/02/2020,Wyoming,1,15,11,148
04/02/2020,Yates,0,1,7,69
04/01/2020,Albany,13,253,106,3810
04/01/2020,Allegany,3,12,14,149
04/01/2020,Bronx,1066,9927,1754,19911
04/01/2020,Broome,4,46,43,411
04/01/2020,Cattaraugus,1,8,28,191
04/01/2020,Cayuga,1,4,25,271
04/01/2020,Chautauqua,2,8,8,124
04/01/2020,Chemung,0,22,14,349
04/01/2020,Chenango,2,28,16,111
04/01/2020,Clinton,0,25,5,216
04/01/2020,Columbia,5,36,21,396
04/01/2020,Cortland,0,8,42,392
04/01/2020,Delaware,2,22,7,134
04/01/2020,Dutchess,120,667,330,2892
04/01/2020,Erie,153,617,571,2778
04/01/2020,Essex,0,6,2,89
04/01/2020,Franklin,0,9,8,123
04/01/2020,Fulton,4,6,10,139
04/01/2020,Genesee,1,14,39,221
04/01/2020,Greene,3,21,11,241
04/01/2020,Hamilton,0,2,3,17
04/01/2020,Herkimer,2,14,9,92
04/01/2020,Jefferson,3,15,53,418
04/01/2020,Kings,1189,14304,2041,27860
04/01/2020,Lewis,0,2,5,72
04/01/2020,Livingston,0,14,17,164
04/01/2020,Madison,9,60,67,376
04/01/2020,Monroe,71,420,381,3980
04/01/2020,Montgomery,1,8,10,157
04/01/2020,Nassau,1033,10587,1908,24308
04/01/2020,New York,470,7843,1002,19599
04/01/2020,Niagara,30,76,89,367
04/01/2020,Oneida,11,61,82,587
04/01/2020,Onondaga,17,234,191,3616
04/01/2020,Ontario,2,26,29,346
04/01/2020,Orange,237,1993,628,5752
04/01/2020,Orleans,0,6,11,127
04/01/2020,Oswego,5,22,80,423
04/01/2020,Otsego,2,21,17,194
04/01/2020,Putnam,9,216,46,923
04/01/2020,Queens,1366,16268,2157,28952
04/01/2020,Rensselaer,10,53,42,1204
04/01/2020,Richmond,279,3467,559,7719
04/01/2020,Rockland,430,3751,904,9111
04/01/2020,Saratoga,10,132,69,1789
04/01/2020,Schenectady,8,101,31,1194
04/01/2020,Schoharie,0,8,10,101
04/01/2020,Schuyler,1,3,8,75
04/01/2020,Seneca,2,4,14,95
04/01/2020,St. Lawrence,5,39,30,448
04/01/2020,Steuben,5,43,25,309
04/01/2020,Suffolk,1141,8746,2148,21453
04/01/2020,Sullivan,22,143,96,857
04/01/2020,Tioga,0,7,14,154
04/01/2020,Tompkins,6,74,126,1292
04/01/2020,Ulster,19,240,118,1503
04/01/2020,Warren,0,18,9,478
04/01/2020,Washington,2,12,9,280
04/01/2020,Wayne,3,27,28,345
04/01/2020,Westchester,884,11567,1891,39081
04/01/2020,Wyoming,4,14,12,137
04/01/2020,Yates,1,1,8,62
03/31/2020,Albany,14,240,108,3704
03/31/2020,Allegany,2,9,10,135
03/31/2020,Bronx,1095,8861,1818,18157
03/31/2020,Broome,4,42,35,368
03/31/2020,Cattaraugus,1,7,12,163
03/31/2020,Cayuga,0,3,9,246
03/31/2020,Chautauqua,0,6,9,116
03/31/2020,Chemung,2,22,42,335
03/31/2020,Chenango,7,26,20,95
03/31/2020,Clinton,4,25,21,211
03/31/2020,Columbia,1,31,12,375
03/31/2020,Cortland,0,8,12,350
03/31/2020,Delaware,4,20,13,127
03/31/2020,Dutchess,63,547,196,2562
03/31/2020,Erie,26,464,119,2207
03/31/2020,Essex,2,6,8,87
03/31/2020,Franklin,0,9,9,115
03/31/2020,Fulton,1,2,5,129
03/31/2020,Genesee,3,13,28,182
03/31/2020,Greene,2,18,9,230
03/31/2020,Hamilton,0,2,0,14
03/31/2020,Herkimer,0,12,4,83
03/31/2020,Jefferson,0,12,14,365
03/31/2020,Kings,1198,13115,2011,25819
03/31/2020,Lewis,0,2,3,67
03/31/2020,Livingston,1,14,24,147
03/31/2020,Madison,10,51,55,309
03/31/2020,Monroe,57,349,356,3599
03/31/2020,Montgomery,0,7,4,147
03/31/2020,Nassau,1010,9554,1845,22400
03/31/2020,New York,497,7373,1015,18597
03/31/2020,Niagara,4,46,13,278
03/31/2020,Oneida,10,50,58,505
03/31/2020,Onondaga,23,217,163,3425
03/31/2020,Ontario,2,24,37,317
03/31/2020,Orange,200,1756,477,5124
03/31/2020,Orleans,0,6,6,116
03/31/2020,Oswego,2,17,27,343
03/31/2020,Otsego,1,19,19,177
03/31/2020,Putnam,21,207,57,877
03/31/2020,Queens,1211,14902,1871,26795
03/31/2020,Rensselaer,2,43,19,1162
03/31/2020,Richmond,299,3188,616,7160
03/31/2020,Rockland,458,3321,930,8207
03/31/2020,Saratoga,14,122,78,1720
03/31/2020,Schenectady,8,93,22,1163
03/31/2020,Schoharie,2,8,7,91
03/31/2020,Schuyler,0,2,1,67
03/31/2020,Seneca,0,2,1,81
03/31/2020,St. Lawrence,4,34,32,418
03/31/2020,Steuben,14,38,56,284
03/31/2020,Suffolk,892,7605,1620,19305
03/31/2020,Sullivan,12,121,55,761
03/31/2020,Tioga,0,7,15,140
03/31/2020,Tompkins,2,68,15,1166
03/31/2020,Ulster,10,221,51,1385
03/31/2020,Warren,0,18,7,469
03/31/2020,Washington,0,10,5,271
03/31/2020,Wayne,5,24,33,317
03/31/2020,Westchester,716,10683,1567,37190
03/31/2020,Wyoming,1,10,10,125
03/31/2020,Yates,0,0,7,54
03/30/2020,Albany,9,226,72,3596
03/30/2020,Allegany,0,7,4,125
03/30/2020,Bronx,804,7766,1341,16339
03/30/2020,Broome,3,38,48,333
03/30/2020,Cattaraugus,0,6,5,151
03/30/2020,Cayuga,0,3,10,237
03/30/2020,Chautauqua,1,6,9,107
03/30/2020,Chemung,5,20,47,293
03/30/2020,Chenango,2,19,9,75
03/30/2020,Clinton,4,21,9,190
03/30/2020,Columbia,4,30,14,363
03/30/2020,Cortland,0,8,9,338
03/30/2020,Delaware,5,16,11,114
03/30/2020,Dutchess,92,484,300,2366
03/30/2020,Erie,62,438,189,2088
03/30/2020,Essex,0,4,5,79
03/30/2020,Franklin,3,9,10,106
03/30/2020,Fulton,0,1,5,124
03/30/2020,Genesee,1,10,24,154
03/30/2020,Greene,6,16,15,221
03/30/2020,Hamilton,0,2,0,14
03/30/2020,Herkimer,0,12,1,79
03/30/2020,Jefferson,1,12,19,351
03/30/2020,Kings,1888,11917,3113,23808
03/30/2020,Lewis,0,2,5,64
03/30/2020,Livingston,1,13,10,123
03/30/2020,Madison,7,41,39,254
03/30/2020,Monroe,50,292,383,3243
03/30/2020,Montgomery,1,7,8,143
03/30/2020,Nassau,1200,8544,2261,20555
03/30/2020,New York,648,6876,1422,17582
03/30/2020,Niagara,1,42,15,265
03/30/2020,Oneida,6,40,57,447
03/30/2020,Onondaga,14,194,139,3262
03/30/2020,Ontario,2,22,26,280
03/30/2020,Orange,121,1556,306,4647
03/30/2020,Orleans,2,6,14,110
03/30/2020,Oswego,1,15,30,316
03/30/2020,Otsego,1,18,8,158
03/30/2020,Putnam,19,186,71,820
03/30/2020,Queens,2022,13691,3325,24924
03/30/2020,Rensselaer,1,41,20,1143
03/30/2020,Richmond,324,2889,691,6544
03/30/2020,Rockland,352,2863,739,7277
03/30/2020,Saratoga,3,108,23,1642
03/30/2020,Schenectady,5,85,33,1141
03/30/2020,Schoharie,0,6,4,84
03/30/2020,Schuyler,0,2,6,66
03/30/2020,Seneca,2,2,7,80
03/30/2020,St. Lawrence,17,30,74,386
03/30/2020,Steuben,5,24,39,228
03/30/2020,Suffolk,922,6713,1857,17685
03/30/2020,Sullivan,8,109,33,706
03/30/2020,Tioga,3,7,21,125
03/30/2020,Tompkins,0,66,18,1151
03/30/2020,Ulster,21,211,123,1334
03/30/2020,Warren,0,18,6,462
03/30/2020,Washington,3,10,7,266
03/30/2020,Wayne,4,19,28,284
03/30/2020,Westchester,641,9967,1515,35623
03/30/2020,Wyoming,1,9,13,115
03/30/2020,Yates,0,0,3,47
03/29/2020,Albany,12,217,61,3524
03/29/2020,Allegany,1,7,7,121
03/29/2020,Bronx,658,6962,1160,14998
03/29/2020,Broome,6,35,36,285
03/29/2020,Cattaraugus,2,6,7,146
03/29/2020,Cayuga,1,3,37,227
03/29/2020,Chautauqua,0,5,3,98
03/29/2020,Chemung,0,15,7,246
03/29/2020,Chenango,2,17,7,66
03/29/2020,Clinton,4,17,19,181
03/29/2020,Columbia,3,26,26,349
03/29/2020,Cortland,2,8,48,329
03/29/2020,Delaware,3,11,12,103
03/29/2020,Dutchess,72,392,227,2066
03/29/2020,Erie,18,376,67,1899
03/29/2020,Essex,0,4,3,74
03/29/2020,Franklin,0,6,14,96
03/29/2020,Fulton,0,1,12,119
03/29/2020,Genesee,0,9,12,130
03/29/2020,Greene,3,10,13,206
03/29/2020,Hamilton,0,2,0,14
03/29/2020,Herkimer,2,12,8,78
03/29/2020,Jefferson,4,11,100,332
03/29/2020,Kings,1011,10029,1627,20695
03/29/2020,Lewis,0,2,16,59
03/29/2020,Livingston,2,12,10,113
03/29/2020,Madison,10,34,30,215
03/29/2020,Monroe,23,242,129,2860
03/29/2020,Montgomery,0,6,2,135
03/29/2020,Nassau,899,7344,1830,18294
03/29/2020,New York,422,6228,788,16160
03/29/2020,Niagara,3,41,6,250
03/29/2020,Oneida,8,34,26,390
03/29/2020,Onondaga,28,180,206,3123
03/29/2020,Ontario,2,20,16,254
03/29/2020,Orange,188,1435,394,4341
03/29/2020,Orleans,1,4,11,96
03/29/2020,Oswego,6,14,53,286
03/29/2020,Otsego,7,17,16,150
03/29/2020,Putnam,23,167,63,749
03/29/2020,Queens,1258,11669,1915,21599
03/29/2020,Rensselaer,1,40,25,1123
03/29/2020,Richmond,336,2565,711,5853
03/29/2020,Rockland,302,2511,604,6538
03/29/2020,Saratoga,3,105,15,1619
03/29/2020,Schenectady,4,80,12,1108
03/29/2020,Schoharie,1,6,3,80
03/29/2020,Schuyler,1,2,6,60
03/29/2020,Seneca,0,0,5,73
03/29/2020,St. Lawrence,1,13,44,312
03/29/2020,Steuben,2,19,8,189
03/29/2020,Suffolk,768,5791,1598,15828
03/29/2020,Sullivan,13,101,53,673
03/29/2020,Tioga,0,4,15,104
03/29/2020,Tompkins,14,66,157,1133
03/29/2020,Ulster,44,190,194,1211
03/29/2020,Warren,0,18,3,456
03/29/2020,Washington,0,7,10,259
03/29/2020,Wayne,3,15,24,256
03/29/2020,Westchester,807,9326,1595,34108
03/29/2020,Wyoming,0,8,7,102
03/29/2020,Yates,0,0,2,44
03/28/2020,Albany,10,205,73,3463
03/28/2020,Allegany,4,6,12,114
03/28/2020,Bronx,901,6304,1529,13838
03/28/2020,Broome,6,29,45,249
03/28/2020,Cattaraugus,3,4,13,139
03/28/2020,Cayuga,0,2,32,190
03/28/2020,Chautauqua,0,5,20,95
03/28/2020,Chemung,3,15,25,239
03/28/2020,Chenango,7,15,15,59
03/28/2020,Clinton,1,13,18,162
03/28/2020,Columbia,1,23,11,323
03/28/2020,Cortland,1,6,28,281
03/28/2020,Delaware,0,8,4,91
03/28/2020,Dutchess,58,320,195,1839
03/28/2020,Erie,40,358,126,1832
03/28/2020,Essex,0,4,3,71
03/28/2020,Franklin,2,6,9,82
03/28/2020,Fulton,0,1,10,107
03/28/2020,Genesee,2,9,6,118
03/28/2020,Greene,0,7,6,193
03/28/2020,Hamilton,0,2,0,14
03/28/2020,Herkimer,1,10,14,70
03/28/2020,Jefferson,1,7,52,232
03/28/2020,Kings,973,9018,1790,19068
03/28/2020,Lewis,2,2,7,43
03/28/2020,Livingston,5,10,17,103
03/28/2020,Madison,5,24,34,185
03/28/2020,Monroe,27,219,282,2731
03/28/2020,Montgomery,1,6,6,133
03/28/2020,Nassau,908,6445,2107,16464
03/28/2020,New York,590,5806,1160,15372
03/28/2020,Niagara,5,38,18,244
03/28/2020,Oneida,3,26,26,364
03/28/2020,Onondaga,23,152,487,2917
03/28/2020,Ontario,2,18,26,238
03/28/2020,Orange,146,1247,373,3947
03/28/2020,Orleans,0,3,3,85
03/28/2020,Oswego,1,8,35,233
03/28/2020,Otsego,3,10,21,134
03/28/2020,Putnam,13,144,41,686
03/28/2020,Queens,1136,10411,1845,19684
03/28/2020,Rensselaer,1,39,12,1098
03/28/2020,Richmond,402,2229,878,5142
03/28/2020,Rockland,313,2209,827,5934
03/28/2020,Saratoga,6,102,51,1604
03/28/2020,Schenectady,4,76,28,1096
03/28/2020,Schoharie,0,5,5,77
03/28/2020,Schuyler,0,1,7,54
03/28/2020,Seneca,0,0,4,68
03/28/2020,St. Lawrence,4,12,65,268
03/28/2020,Steuben,4,17,22,181
03/28/2020,Suffolk,885,5023,2155,14230
03/28/2020,Sullivan,16,88,91,620
03/28/2020,Tioga,0,4,21,89
03/28/2020,Tompkins,7,52,128,976
03/28/2020,Ulster,18,146,82,1017
03/28/2020,Warren,5,18,38,453
03/28/2020,Washington,1,7,20,249
03/28/2020,Wayne,0,12,13,232
03/28/2020,Westchester,644,8519,1410,32513
03/28/2020,Wyoming,1,8,13,95
03/28/2020,Yates,0,0,7,42
03/27/2020,Albany,8,195,101,3390
03/27/2020,Allegany,0,2,4,102
03/27/2020,Bronx,846,5403,1478,12309
03/27/2020,Broome,5,23,37,204
03/27/2020,Cattaraugus,1,1,25,126
03/27/2020,Cayuga,0,2,26,158
03/27/2020,Chautauqua,4,5,19,75
03/27/2020,Chemung,1,12,48,214
03/27/2020,Chenango,4,8,13,44
03/27/2020,Clinton,1,12,22,144
03/27/2020,Columbia,2,22,15,312
03/27/2020,Cortland,1,5,45,253
03/27/2020,Delaware,0,8,13,87
03/27/2020,Dutchess,37,262,200,1644
03/27/2020,Erie,99,318,370,1706
03/27/2020,Essex,0,4,5,68
03/27/2020,Franklin,2,4,10,73
03/27/2020,Fulton,0,1,10,97
03/27/2020,Genesee,1,7,19,112
03/27/2020,Greene,1,7,6,187
03/27/2020,Hamilton,0,2,0,14
03/27/2020,Herkimer,0,9,8,56
03/27/2020,Jefferson,3,6,45,180
03/27/2020,Kings,1238,8045,2254,17278
03/27/2020,Lewis,0,0,6,36
03/27/2020,Livingston,2,5,11,86
03/27/2020,Madison,2,19,28,151
03/27/2020,Monroe,32,192,253,2449
03/27/2020,Montgomery,0,5,10,127
03/27/2020,Nassau,880,5537,1827,14357
03/27/2020,New York,631,5216,1314,14212
03/27/2020,Niagara,10,33,57,226
03/27/2020,Oneida,10,23,43,338
03/27/2020,Onondaga,14,129,352,2430
03/27/2020,Ontario,2,16,34,212
03/27/2020,Orange,190,1101,498,3574
03/27/2020,Orleans,0,3,8,82
03/27/2020,Oswego,3,7,38,198
03/27/2020,Otsego,2,7,19,113
03/27/2020,Putnam,20,131,84,645
03/27/2020,Queens,1238,9275,2055,17839
03/27/2020,Rensselaer,3,38,37,1086
03/27/2020,Richmond,415,1827,847,4264
03/27/2020,Rockland,439,1896,1078,5107
03/27/2020,Saratoga,14,96,82,1553
03/27/2020,Schenectady,6,72,43,1068
03/27/2020,Schoharie,2,5,9,72
03/27/2020,Schuyler,1,1,6,47
03/27/2020,Seneca,0,0,16,64
03/27/2020,St. Lawrence,5,8,82,203
03/27/2020,Steuben,1,13,27,159
03/27/2020,Suffolk,753,4138,1690,12075
03/27/2020,Sullivan,8,72,49,529
03/27/2020,Tioga,2,4,18,68
03/27/2020,Tompkins,19,45,182,848
03/27/2020,Ulster,29,128,124,935
03/27/2020,Warren,5,13,59,415
03/27/2020,Washington,0,6,40,229
03/27/2020,Wayne,1,12,32,219
03/27/2020,Westchester,688,7875,1588,31103
03/27/2020,Wyoming,0,7,15,82
03/27/2020,Yates,0,0,10,35
03/26/2020,Albany,16,187,112,3289
03/26/2020,Allegany,0,2,9,98
03/26/2020,Bronx,829,4557,1428,10831
03/26/2020,Broome,2,18,25,167
03/26/2020,Cattaraugus,0,0,13,101
03/26/2020,Cayuga,0,2,25,132
03/26/2020,Chautauqua,0,1,20,56
03/26/2020,Chemung,4,11,48,166
03/26/2020,Chenango,1,4,6,31
03/26/2020,Clinton,0,11,6,122
03/26/2020,Columbia,7,20,20,297
03/26/2020,Cortland,2,4,34,208
03/26/2020,Delaware,1,8,7,74
03/26/2020,Dutchess,35,225,155,1444
03/26/2020,Erie,85,219,348,1336
03/26/2020,Essex,0,4,6,63
03/26/2020,Franklin,1,2,11,63
03/26/2020,Fulton,0,1,5,87
03/26/2020,Genesee,2,6,21,93
03/26/2020,Greene,1,6,11,181
03/26/2020,Hamilton,0,2,0,14
03/26/2020,Herkimer,2,9,9,48
03/26/2020,Jefferson,0,3,23,135
03/26/2020,Kings,1106,6807,1905,15024
03/26/2020,Lewis,0,0,5,30
03/26/2020,Livingston,0,3,8,75
03/26/2020,Madison,8,17,23,123
03/26/2020,Monroe,21,160,232,2196
03/26/2020,Montgomery,0,5,7,117
03/26/2020,Nassau,743,4657,1412,12530
03/26/2020,New York,523,4585,1062,12898
03/26/2020,Niagara,9,23,55,169
03/26/2020,Oneida,0,13,41,295
03/26/2020,Onondaga,32,115,444,2078
03/26/2020,Ontario,3,14,29,178
03/26/2020,Orange,160,911,394,3076
03/26/2020,Orleans,1,3,11,74
03/26/2020,Oswego,0,4,18,160
03/26/2020,Otsego,2,5,12,94
03/26/2020,Putnam,17,111,47,561
03/26/2020,Queens,1324,8037,2115,15784
03/26/2020,Rensselaer,3,35,26,1049
03/26/2020,Richmond,223,1412,413,3417
03/26/2020,Rockland,260,1457,588,4029
03/26/2020,Saratoga,9,82,69,1471
03/26/2020,Schenectady,4,66,41,1025
03/26/2020,Schoharie,1,3,3,63
03/26/2020,Schuyler,0,0,8,41
03/26/2020,Seneca,0,0,11,48
03/26/2020,St. Lawrence,1,3,29,121
03/26/2020,Steuben,1,12,25,132
03/26/2020,Suffolk,650,3385,1333,10385
03/26/2020,Sullivan,11,64,62,480
03/26/2020,Tioga,0,2,10,50
03/26/2020,Tompkins,4,26,109,666
03/26/2020,Ulster,21,99,83,811
03/26/2020,Warren,6,8,54,356
03/26/2020,Washington,2,6,19,189
03/26/2020,Wayne,3,11,27,187
03/26/2020,Westchester,1243,7187,3227,29515
03/26/2020,Wyoming,0,7,14,67
03/26/2020,Yates,0,0,2,25
03/25/2020,Albany,19,171,93,3177
03/25/2020,Allegany,0,2,6,89
03/25/2020,Bronx,838,3728,1770,9403
03/25/2020,Broome,5,16,37,142
03/25/2020,Cattaraugus,0,0,12,88
03/25/2020,Cayuga,0,2,13,107
03/25/2020,Chautauqua,0,1,4,36
03/25/2020,Chemung,6,7,57,118
03/25/2020,Chenango,0,3,1,25
03/25/2020,Clinton,1,11,16,116
03/25/2020,Columbia,1,13,22,277
03/25/2020,Cortland,0,2,41,174
03/25/2020,Delaware,2,7,12,67
03/25/2020,Dutchess,37,190,209,1289
03/25/2020,Erie,12,134,116,988
03/25/2020,Essex,0,4,7,57
03/25/2020,Franklin,0,1,5,52
03/25/2020,Fulton,0,1,2,82
03/25/2020,Genesee,2,4,19,72
03/25/2020,Greene,1,5,11,170
03/25/2020,Hamilton,0,2,0,14
03/25/2020,Herkimer,2,7,6,39
03/25/2020,Jefferson,1,3,31,112
03/25/2020,Kings,755,5701,1550,13119
03/25/2020,Lewis,0,0,5,25
03/25/2020,Livingston,0,3,15,67
03/25/2020,Madison,2,9,28,100
03/25/2020,Monroe,21,139,255,1964
03/25/2020,Montgomery,1,5,5,110
03/25/2020,Nassau,629,3914,1735,11118
03/25/2020,New York,542,4062,1232,11836
03/25/2020,Niagara,2,14,10,114
03/25/2020,Oneida,4,13,22,254
03/25/2020,Onondaga,18,83,266,1634
03/25/2020,Ontario,2,11,21,149
03/25/2020,Orange,113,751,322,2682
03/25/2020,Orleans,0,2,11,63
03/25/2020,Oswego,2,4,25,142
03/25/2020,Otsego,1,3,6,82
03/25/2020,Putnam,11,94,75,514
03/25/2020,Queens,1238,6713,2110,13669
03/25/2020,Rensselaer,1,32,22,1023
03/25/2020,Richmond,164,1189,293,3004
03/25/2020,Rockland,229,1197,567,3441
03/25/2020,Saratoga,9,73,55,1402
03/25/2020,Schenectady,7,62,32,984
03/25/2020,Schoharie,0,2,2,60
03/25/2020,Schuyler,0,0,1,33
03/25/2020,Seneca,0,0,6,37
03/25/2020,St. Lawrence,1,2,14,92
03/25/2020,Steuben,3,11,30,107
03/25/2020,Suffolk,475,2735,1189,9052
03/25/2020,Sullivan,14,53,53,418
03/25/2020,Tioga,1,2,12,40
03/25/2020,Tompkins,6,22,89,557
03/25/2020,Ulster,13,78,71,728
03/25/2020,Warren,0,2,16,302
03/25/2020,Washington,0,4,18,170
03/25/2020,Wayne,1,8,37,160
03/25/2020,Westchester,1253,5944,5951,26288
03/25/2020,Wyoming,3,7,9,53
03/25/2020,Yates,0,0,1,23
03/24/2020,Albany,6,152,198,3084
03/24/2020,Allegany,0,2,5,83
03/24/2020,Bronx,611,2890,1188,7633
03/24/2020,Broome,2,11,13,105
03/24/2020,Cattaraugus,0,0,3,76
03/24/2020,Cayuga,0,2,5,94
03/24/2020,Chautauqua,1,1,3,32
03/24/2020,Chemung,0,1,5,61
03/24/2020,Chenango,0,3,6,24
03/24/2020,Clinton,2,10,14,100
03/24/2020,Columbia,1,12,15,255
03/24/2020,Cortland,0,2,3,133
03/24/2020,Delaware,2,5,5,55
03/24/2020,Dutchess,29,153,146,1080
03/24/2020,Erie,15,122,114,872
03/24/2020,Essex,1,4,6,50
03/24/2020,Franklin,1,1,4,47
03/24/2020,Fulton,0,1,4,80
03/24/2020,Genesee,1,2,7,53
03/24/2020,Greene,0,4,3,159
03/24/2020,Hamilton,0,2,1,14
03/24/2020,Herkimer,1,5,5,33
03/24/2020,Jefferson,0,2,13,81
03/24/2020,Kings,779,4946,1474,11569
03/24/2020,Lewis,0,0,0,20
03/24/2020,Livingston,0,3,9,52
03/24/2020,Madison,2,7,15,72
03/24/2020,Monroe,22,118,172,1709
03/24/2020,Montgomery,1,4,5,105
03/24/2020,Nassau,416,3285,896,9383
03/24/2020,New York,442,3520,1065,10604
03/24/2020,Niagara,1,12,16,104
03/24/2020,Oneida,1,9,48,232
03/24/2020,Onondaga,5,65,124,1368
03/24/2020,Ontario,2,9,19,128
03/24/2020,Orange,140,638,298,2360
03/24/2020,Orleans,0,2,7,52
03/24/2020,Oswego,0,2,13,117
03/24/2020,Otsego,1,2,5,76
03/24/2020,Putnam,16,83,51,439
03/24/2020,Queens,1010,5475,1736,11559
03/24/2020,Rensselaer,1,31,26,1001
03/24/2020,Richmond,110,1025,223,2711
03/24/2020,Rockland,297,968,592,2874
03/24/2020,Saratoga,4,64,69,1347
03/24/2020,Schenectady,9,55,53,952
03/24/2020,Schoharie,1,2,3,58
03/24/2020,Schuyler,0,0,0,32
03/24/2020,Seneca,0,0,0,31
03/24/2020,St. Lawrence,0,1,10,78
03/24/2020,Steuben,3,8,13,77
03/24/2020,Suffolk,380,2260,854,7863
03/24/2020,Sullivan,9,39,23,365
03/24/2020,Tioga,0,1,1,28
03/24/2020,Tompkins,0,16,2,468
03/24/2020,Ulster,18,65,81,657
03/24/2020,Warren,0,2,52,286
03/24/2020,Washington,1,4,25,152
03/24/2020,Wayne,1,7,15,123
03/24/2020,Westchester,800,4691,2371,20337
03/24/2020,Wyoming,0,4,7,44
03/24/2020,Yates,0,0,3,22
03/23/2020,Albany,19,146,144,2886
03/23/2020,Allegany,0,2,2,78
03/23/2020,Bronx,455,2279,970,6445
03/23/2020,Broome,2,9,18,92
03/23/2020,Cattaraugus,0,0,12,73
03/23/2020,Cayuga,0,2,10,89
03/23/2020,Chautauqua,0,0,4,29
03/23/2020,Chemung,1,1,17,56
03/23/2020,Chenango,0,3,3,18
03/23/2020,Clinton,2,8,17,86
03/23/2020,Columbia,1,11,10,240
03/23/2020,Cortland,0,2,30,130
03/23/2020,Delaware,0,3,5,50
03/23/2020,Dutchess,24,124,111,934
03/23/2020,Erie,20,107,100,758
03/23/2020,Essex,0,3,11,44
03/23/2020,Franklin,0,0,3,43
03/23/2020,Fulton,0,1,11,76
03/23/2020,Genesee,0,1,8,46
03/23/2020,Greene,0,4,8,156
03/23/2020,Hamilton,0,2,2,13
03/23/2020,Herkimer,0,4,3,28
03/23/2020,Jefferson,0,2,1,68
03/23/2020,Kings,700,4167,1422,10095
03/23/2020,Lewis,0,0,5,20
03/23/2020,Livingston,0,3,1,43
03/23/2020,Madison,1,5,10,57
03/23/2020,Monroe,20,96,219,1537
03/23/2020,Montgomery,0,3,5,100
03/23/2020,Nassau,427,2869,993,8487
03/23/2020,New York,405,3078,990,9539
03/23/2020,Niagara,1,11,15,88
03/23/2020,Oneida,1,8,24,184
03/23/2020,Onondaga,8,60,129,1244
03/23/2020,Ontario,1,7,13,109
03/23/2020,Orange,109,498,340,2062
03/23/2020,Orleans,2,2,9,45
03/23/2020,Oswego,1,2,28,104
03/23/2020,Otsego,0,1,11,71
03/23/2020,Putnam,22,67,70,388
03/23/2020,Queens,839,4465,1518,9823
03/23/2020,Rensselaer,1,30,47,975
03/23/2020,Richmond,200,915,487,2488
03/23/2020,Rockland,79,671,315,2282
03/23/2020,Saratoga,7,60,76,1278
03/23/2020,Schenectady,2,46,50,899
03/23/2020,Schoharie,0,1,1,55
03/23/2020,Schuyler,0,0,8,32
03/23/2020,Seneca,0,0,11,31
03/23/2020,St. Lawrence,0,1,6,68
03/23/2020,Steuben,1,5,2,64
03/23/2020,Suffolk,422,1880,1047,7009
03/23/2020,Sullivan,7,30,44,342
03/23/2020,Tioga,0,1,3,27
03/23/2020,Tompkins,1,16,111,466
03/23/2020,Ulster,12,47,117,576
03/23/2020,Warren,0,2,8,234
03/23/2020,Washington,0,3,7,127
03/23/2020,Wayne,0,6,17,108
03/23/2020,Westchester,997,3891,3282,17966
03/23/2020,Wyoming,0,4,8,37
03/23/2020,Yates,0,0,3,19
03/22/2020,Albany,4,127,197,2742
03/22/2020,Allegany,0,2,39,76
03/22/2020,Bronx,606,1824,1276,5475
03/22/2020,Broome,4,7,20,74
03/22/2020,Cattaraugus,0,0,14,61
03/22/2020,Cayuga,2,2,33,79
03/22/2020,Chautauqua,0,0,12,25
03/22/2020,Chemung,0,0,17,39
03/22/2020,Chenango,0,3,2,15
03/22/2020,Clinton,2,6,12,69
03/22/2020,Columbia,5,10,48,230
03/22/2020,Cortland,1,2,55,100
03/22/2020,Delaware,0,3,10,45
03/22/2020,Dutchess,18,100,135,823
03/22/2020,Erie,33,87,247,658
03/22/2020,Essex,0,3,2,33
03/22/2020,Franklin,0,0,8,40
03/22/2020,Fulton,0,1,11,65
03/22/2020,Genesee,0,1,2,38
03/22/2020,Greene,2,4,32,148
03/22/2020,Hamilton,0,2,0,11
03/22/2020,Herkimer,0,4,6,25
03/22/2020,Jefferson,1,2,20,67
03/22/2020,Kings,702,3467,1506,8673
03/22/2020,Lewis,0,0,4,15
03/22/2020,Livingston,1,3,3,42
03/22/2020,Madison,3,4,14,47
03/22/2020,Monroe,19,76,416,1318
03/22/2020,Montgomery,0,3,6,95
03/22/2020,Nassau,542,2442,1323,7494
03/22/2020,New York,607,2673,1367,8549
03/22/2020,Niagara,4,10,38,73
03/22/2020,Oneida,2,7,36,160
03/22/2020,Onondaga,23,52,538,1115
03/22/2020,Ontario,0,6,5,96
03/22/2020,Orange,142,389,472,1722
03/22/2020,Orleans,0,0,4,36
03/22/2020,Oswego,1,1,23,76
03/22/2020,Otsego,1,1,10,60
03/22/2020,Putnam,8,45,47,318
03/22/2020,Queens,1152,3626,2048,8305
03/22/2020,Rensselaer,3,29,78,928
03/22/2020,Richmond,193,715,417,2001
03/22/2020,Rockland,137,592,393,1967
03/22/2020,Saratoga,12,53,164,1202
03/22/2020,Schenectady,5,44,62,849
03/22/2020,Schoharie,0,1,3,54
03/22/2020,Schuyler,0,0,7,24
03/22/2020,Seneca,0,0,4,20
03/22/2020,St. Lawrence,0,1,9,62
03/22/2020,Steuben,1,4,10,62
03/22/2020,Suffolk,424,1458,1153,5962
03/22/2020,Sullivan,7,23,83,298
03/22/2020,Tioga,0,1,4,24
03/22/2020,Tompkins,2,15,115,355
03/22/2020,Ulster,9,35,54,459
03/22/2020,Warren,1,2,81,226
03/22/2020,Washington,2,3,52,120
03/22/2020,Wayne,3,6,14,91
03/22/2020,Westchester,1021,2894,4037,14684
03/22/2020,Wyoming,2,4,11,29
03/22/2020,Yates,0,0,3,16
03/21/2020,Albany,35,123,577,2545
03/21/2020,Allegany,0,2,10,37
03/21/2020,Bronx,367,1218,1044,4199
03/21/2020,Broome,1,3,5,54
03/21/2020,Cattaraugus,0,0,23,47
03/21/2020,Cayuga,0,0,25,46
03/21/2020,Chautauqua,0,0,4,13
03/21/2020,Chemung,0,0,2,22
03/21/2020,Chenango,1,3,4,13
03/21/2020,Clinton,0,4,2,57
03/21/2020,Columbia,3,5,52,182
03/21/2020,Cortland,1,1,17,45
03/21/2020,Delaware,2,3,10,35
03/21/2020,Dutchess,33,82,205,688
03/21/2020,Erie,16,54,111,411
03/21/2020,Essex,1,3,8,31
03/21/2020,Franklin,0,0,10,32
03/21/2020,Fulton,0,1,11,54
03/21/2020,Genesee,0,1,6,36
03/21/2020,Greene,0,2,23,116
03/21/2020,Hamilton,0,2,0,11
03/21/2020,Herkimer,1,4,10,19
03/21/2020,Jefferson,0,1,4,47
03/21/2020,Kings,893,2765,1941,7167
03/21/2020,Lewis,0,0,4,11
03/21/2020,Livingston,0,2,5,39
03/21/2020,Madison,1,1,9,33
03/21/2020,Monroe,15,57,246,902
03/21/2020,Montgomery,0,3,20,89
03/21/2020,Nassau,667,1900,1968,6171
03/21/2020,New York,522,2066,1370,7182
03/21/2020,Niagara,2,6,9,35
03/21/2020,Oneida,1,5,30,124
03/21/2020,Onondaga,12,29,157,577
03/21/2020,Ontario,2,6,25,91
03/21/2020,Orange,84,247,393,1250
03/21/2020,Orleans,0,0,7,32
03/21/2020,Oswego,0,0,19,53
03/21/2020,Otsego,0,0,11,50
03/21/2020,Putnam,15,37,75,271
03/21/2020,Queens,843,2474,1927,6257
03/21/2020,Rensselaer,6,26,173,850
03/21/2020,Richmond,207,522,645,1584
03/21/2020,Rockland,193,455,604,1574
03/21/2020,Saratoga,6,41,143,1038
03/21/2020,Schenectady,7,39,123,787
03/21/2020,Schoharie,0,1,6,51
03/21/2020,Schuyler,0,0,3,17
03/21/2020,Seneca,0,0,3,16
03/21/2020,St. Lawrence,1,1,20,53
03/21/2020,Steuben,1,3,17,52
03/21/2020,Suffolk,373,1034,1578,4809
03/21/2020,Sullivan,4,16,37,215
03/21/2020,Tioga,0,1,4,20
03/21/2020,Tompkins,2,13,76,240
03/21/2020,Ulster,8,26,145,405
03/21/2020,Warren,0,1,28,145
03/21/2020,Washington,0,1,18,68
03/21/2020,Wayne,0,3,9,77
03/21/2020,Westchester,486,1873,2011,10647
03/21/2020,Wyoming,0,2,4,18
03/21/2020,Yates,0,0,3,13
03/20/2020,Albany,27,88,499,1968
03/20/2020,Allegany,0,2,10,27
03/20/2020,Bronx,297,851,884,3155
03/20/2020,Broome,0,2,16,49
03/20/2020,Cattaraugus,0,0,10,24
03/20/2020,Cayuga,0,0,8,21
03/20/2020,Chautauqua,0,0,2,9
03/20/2020,Chemung,0,0,10,20
03/20/2020,Chenango,0,2,4,9
03/20/2020,Clinton,2,4,12,55
03/20/2020,Columbia,1,2,35,130
03/20/2020,Cortland,0,0,15,28
03/20/2020,Delaware,0,1,8,25
03/20/2020,Dutchess,13,49,205,483
03/20/2020,Erie,7,38,55,300
03/20/2020,Essex,1,2,5,23
03/20/2020,Franklin,0,0,5,22
03/20/2020,Fulton,0,1,13,43
03/20/2020,Genesee,0,1,6,30
03/20/2020,Greene,0,2,24,93
03/20/2020,Hamilton,0,2,1,11
03/20/2020,Herkimer,1,3,5,9
03/20/2020,Jefferson,0,1,18,43
03/20/2020,Kings,538,1872,1378,5226
03/20/2020,Lewis,0,0,1,7
03/20/2020,Livingston,1,2,13,34
03/20/2020,Madison,0,0,9,24
03/20/2020,Monroe,10,42,148,656
03/20/2020,Montgomery,1,3,27,69
03/20/2020,Nassau,479,1233,1706,4203
03/20/2020,New York,370,1544,1263,5812
03/20/2020,Niagara,1,4,6,26
03/20/2020,Oneida,2,4,59,94
03/20/2020,Onondaga,9,17,133,420
03/20/2020,Ontario,1,4,25,66
03/20/2020,Orange,79,163,377,857
03/20/2020,Orleans,0,0,5,25
03/20/2020,Oswego,0,0,11,34
03/20/2020,Otsego,0,0,20,39
03/20/2020,Putnam,15,22,79,196
03/20/2020,Queens,491,1631,1218,4330
03/20/2020,Rensselaer,12,20,166,677
03/20/2020,Richmond,109,315,334,939
03/20/2020,Rockland,161,262,569,970
03/20/2020,Saratoga,11,35,279,895
03/20/2020,Schenectady,11,32,157,664
03/20/2020,Schoharie,0,1,16,45
03/20/2020,Schuyler,0,0,9,14
03/20/2020,Seneca,0,0,6,13
03/20/2020,St. Lawrence,0,0,7,33
03/20/2020,Steuben,2,2,27,35
03/20/2020,Suffolk,290,661,1461,3231
03/20/2020,Sullivan,4,12,42,178
03/20/2020,Tioga,0,1,5,16
03/20/2020,Tompkins,4,11,96,164
03/20/2020,Ulster,6,18,70,260
03/20/2020,Warren,0,1,31,117
03/20/2020,Washington,0,1,10,50
03/20/2020,Wayne,2,3,13,68
03/20/2020,Westchester,296,1387,1459,8636
03/20/2020,Wyoming,0,2,0,14
03/20/2020,Yates,0,0,2,10
03/19/2020,Albany,18,61,450,1469
03/19/2020,Allegany,0,2,2,17
03/19/2020,Bronx,191,554,605,2271
03/19/2020,Broome,0,2,3,33
03/19/2020,Cattaraugus,0,0,2,14
03/19/2020,Cayuga,0,0,3,13
03/19/2020,Chautauqua,0,0,1,7
03/19/2020,Chemung,0,0,6,10
03/19/2020,Chenango,0,2,0,5
03/19/2020,Clinton,0,2,9,43
03/19/2020,Columbia,1,1,24,95
03/19/2020,Cortland,0,0,7,13
03/19/2020,Delaware,0,1,4,17
03/19/2020,Dutchess,5,36,59,278
03/19/2020,Erie,3,31,43,245
03/19/2020,Essex,0,1,10,18
03/19/2020,Franklin,0,0,6,17
03/19/2020,Fulton,0,1,6,30
03/19/2020,Genesee,0,1,6,24
03/19/2020,Greene,0,2,21,69
03/19/2020,Hamilton,0,2,0,10
03/19/2020,Herkimer,1,2,1,4
03/19/2020,Jefferson,0,1,13,25
03/19/2020,Kings,674,1334,1553,3848
03/19/2020,Lewis,0,0,2,6
03/19/2020,Livingston,1,1,11,21
03/19/2020,Madison,0,0,4,15
03/19/2020,Monroe,5,32,193,508
03/19/2020,Montgomery,0,2,4,42
03/19/2020,Nassau,385,754,1036,2497
03/19/2020,New York,437,1174,1235,4549
03/19/2020,Niagara,2,3,4,20
03/19/2020,Oneida,0,2,7,35
03/19/2020,Onondaga,3,8,60,287
03/19/2020,Ontario,2,3,15,41
03/19/2020,Orange,33,84,180,480
03/19/2020,Orleans,0,0,6,20
03/19/2020,Oswego,0,0,3,23
03/19/2020,Otsego,0,0,10,19
03/19/2020,Putnam,2,7,35,117
03/19/2020,Queens,519,1140,1179,3112
03/19/2020,Rensselaer,2,8,156,511
03/19/2020,Richmond,116,206,272,605
03/19/2020,Rockland,48,101,192,401
03/19/2020,Saratoga,6,24,102,616
03/19/2020,Schenectady,3,21,115,507
03/19/2020,Schoharie,0,1,10,29
03/19/2020,Schuyler,0,0,0,5
03/19/2020,Seneca,0,0,2,7
03/19/2020,St. Lawrence,0,0,7,26
03/19/2020,Steuben,0,0,3,8
03/19/2020,Suffolk,193,371,766,1770
03/19/2020,Sullivan,5,8,79,136
03/19/2020,Tioga,0,1,0,11
03/19/2020,Tompkins,1,7,7,68
03/19/2020,Ulster,2,12,62,190
03/19/2020,Warren,0,1,17,86
03/19/2020,Washington,0,1,8,40
03/19/2020,Wayne,0,1,21,55
03/19/2020,Westchester,292,1091,1483,7177
03/19/2020,Wyoming,0,2,3,14
03/19/2020,Yates,0,0,1,8
03/18/2020,Albany,7,43,331,1019
03/18/2020,Allegany,0,2,3,15
03/18/2020,Bronx,154,363,597,1666
03/18/2020,Broome,1,2,9,30
03/18/2020,Cattaraugus,0,0,5,12
03/18/2020,Cayuga,0,0,2,10
03/18/2020,Chautauqua,0,0,3,6
03/18/2020,Chemung,0,0,2,4
03/18/2020,Chenango,1,2,1,5
03/18/2020,Clinton,1,2,21,34
03/18/2020,Columbia,0,0,32,71
03/18/2020,Cortland,0,0,1,6
03/18/2020,Delaware,0,1,1,13
03/18/2020,Dutchess,11,31,107,219
03/18/2020,Erie,21,28,130,202
03/18/2020,Essex,0,1,1,8
03/18/2020,Franklin,0,0,5,11
03/18/2020,Fulton,1,1,12,24
03/18/2020,Genesee,1,1,9,18
03/18/2020,Greene,0,2,16,48
03/18/2020,Hamilton,1,2,8,10
03/18/2020,Herkimer,0,1,1,3
03/18/2020,Jefferson,1,1,7,12
03/18/2020,Kings,273,660,795,2295
03/18/2020,Lewis,0,0,0,4
03/18/2020,Livingston,0,0,5,10
03/18/2020,Madison,0,0,7,11
03/18/2020,Monroe,13,27,153,315
03/18/2020,Montgomery,0,2,14,38
03/18/2020,Nassau,186,369,632,1461
03/18/2020,New York,335,737,1074,3314
03/18/2020,Niagara,1,1,10,16
03/18/2020,Oneida,2,2,14,28
03/18/2020,Onondaga,3,5,98,227
03/18/2020,Ontario,0,1,8,26
03/18/2020,Orange,19,51,94,300
03/18/2020,Orleans,0,0,3,14
03/18/2020,Oswego,0,0,8,20
03/18/2020,Otsego,0,0,2,9
03/18/2020,Putnam,3,5,32,82
03/18/2020,Queens,336,621,768,1933
03/18/2020,Rensselaer,2,6,136,355
03/18/2020,Richmond,33,90,110,333
03/18/2020,Rockland,23,53,58,209
03/18/2020,Saratoga,4,18,156,514
03/18/2020,Schenectady,4,18,131,392
03/18/2020,Schoharie,1,1,8,19
03/18/2020,Schuyler,0,0,1,5
03/18/2020,Seneca,0,0,2,5
03/18/2020,St. Lawrence,0,0,3,19
03/18/2020,Steuben,0,0,4,5
03/18/2020,Suffolk,62,178,361,1004
03/18/2020,Sullivan,2,3,23,57
03/18/2020,Tioga,0,1,0,11
03/18/2020,Tompkins,3,6,18,61
03/18/2020,Ulster,1,10,41,128
03/18/2020,Warren,0,1,8,69
03/18/2020,Washington,0,1,5,32
03/18/2020,Wayne,1,1,15,34
03/18/2020,Westchester,261,799,1588,5694
03/18/2020,Wyoming,1,2,6,11
03/18/2020,Yates,0,0,3,7
03/17/2020,Albany,13,36,267,688
03/17/2020,Allegany,0,2,0,12
03/17/2020,Bronx,123,209,433,1069
03/17/2020,Broome,0,1,6,21
03/17/2020,Cattaraugus,0,0,0,7
03/17/2020,Cayuga,0,0,2,8
03/17/2020,Chautauqua,0,0,0,3
03/17/2020,Chemung,0,0,0,2
03/17/2020,Chenango,1,1,1,4
03/17/2020,Clinton,0,1,3,13
03/17/2020,Columbia,0,0,14,39
03/17/2020,Cortland,0,0,1,5
03/17/2020,Delaware,0,1,0,12
03/17/2020,Dutchess,4,20,23,112
03/17/2020,Erie,0,7,2,72
03/17/2020,Essex,1,1,2,7
03/17/2020,Franklin,0,0,1,6
03/17/2020,Fulton,0,0,0,12
03/17/2020,Genesee,0,0,5,9
03/17/2020,Greene,0,2,8,32
03/17/2020,Hamilton,1,1,2,2
03/17/2020,Herkimer,0,1,0,2
03/17/2020,Jefferson,0,0,2,5
03/17/2020,Kings,264,387,741,1500
03/17/2020,Lewis,0,0,1,4
03/17/2020,Livingston,0,0,4,5
03/17/2020,Madison,0,0,0,4
03/17/2020,Monroe,4,14,75,162
03/17/2020,Montgomery,1,2,14,24
03/17/2020,Nassau,52,183,218,829
03/17/2020,New York,161,402,598,2240
03/17/2020,Niagara,0,0,1,6
03/17/2020,Oneida,0,0,4,14
03/17/2020,Onondaga,0,2,15,129
03/17/2020,Ontario,0,1,3,18
03/17/2020,Orange,17,32,83,206
03/17/2020,Orleans,0,0,5,11
03/17/2020,Oswego,0,0,3,12
03/17/2020,Otsego,0,0,1,7
03/17/2020,Putnam,0,2,7,50
03/17/2020,Queens,123,285,371,1165
03/17/2020,Rensselaer,3,4,70,219
03/17/2020,Richmond,26,57,61,223
03/17/2020,Rockland,8,30,29,151
03/17/2020,Saratoga,5,14,76,358
03/17/2020,Schenectady,9,14,98,261
03/17/2020,Schoharie,0,0,8,11
03/17/2020,Schuyler,0,0,0,4
03/17/2020,Seneca,0,0,1,3
03/17/2020,St. Lawrence,0,0,7,16
03/17/2020,Steuben,0,0,0,1
03/17/2020,Suffolk,31,116,179,643
03/17/2020,Sullivan,0,1,14,34
03/17/2020,Tioga,0,1,5,11
03/17/2020,Tompkins,1,3,11,43
03/17/2020,Ulster,1,9,15,87
03/17/2020,Warren,1,1,16,61
03/17/2020,Washington,1,1,9,27
03/17/2020,Wayne,0,0,10,19
03/17/2020,Westchester,158,538,1026,4106
03/17/2020,Wyoming,0,1,2,5
03/17/2020,Yates,0,0,0,4
03/16/2020,Albany,11,23,140,421
03/16/2020,Allegany,0,2,1,12
03/16/2020,Bronx,29,86,151,636
03/16/2020,Broome,0,1,1,15
03/16/2020,Cattaraugus,0,0,0,7
03/16/2020,Cayuga,0,0,2,6
03/16/2020,Chautauqua,0,0,0,3
03/16/2020,Chemung,0,0,0,2
03/16/2020,Chenango,0,0,2,3
03/16/2020,Clinton,1,1,1,10
03/16/2020,Columbia,0,0,13,25
03/16/2020,Cortland,0,0,2,4
03/16/2020,Delaware,0,1,0,12
03/16/2020,Dutchess,6,16,32,89
03/16/2020,Erie,1,7,2,70
03/16/2020,Essex,0,0,0,5
03/16/2020,Franklin,0,0,3,5
03/16/2020,Fulton,0,0,1,12
03/16/2020,Genesee,0,0,3,4
03/16/2020,Greene,0,2,9,24
03/16/2020,Hamilton,0,0,0,0
03/16/2020,Herkimer,0,1,0,2
03/16/2020,Jefferson,0,0,0,3
03/16/2020,Kings,39,123,171,759
03/16/2020,Lewis,0,0,0,3
03/16/2020,Livingston,0,0,0,1
03/16/2020,Madison,0,0,1,4
03/16/2020,Monroe,1,10,29,87
03/16/2020,Montgomery,0,1,1,10
03/16/2020,Nassau,24,131,112,611
03/16/2020,New York,69,241,398,1642
03/16/2020,Niagara,0,0,1,5
03/16/2020,Oneida,0,0,1,10
03/16/2020,Onondaga,1,2,55,114
03/16/2020,Ontario,0,1,1,15
03/16/2020,Orange,4,15,36,123
03/16/2020,Orleans,0,0,5,6
03/16/2020,Oswego,0,0,4,9
03/16/2020,Otsego,0,0,0,6
03/16/2020,Putnam,0,2,5,43
03/16/2020,Queens,38,162,136,794
03/16/2020,Rensselaer,1,1,39,149
03/16/2020,Richmond,11,31,35,162
03/16/2020,Rockland,9,22,39,122
03/16/2020,Saratoga,4,9,55,282
03/16/2020,Schenectady,1,5,27,163
03/16/2020,Schoharie,0,0,0,3
03/16/2020,Schuyler,0,0,2,4
03/16/2020,Seneca,0,0,1,2
03/16/2020,St. Lawrence,0,0,0,9
03/16/2020,Steuben,0,0,0,1
03/16/2020,Suffolk,22,85,109,464
03/16/2020,Sullivan,1,1,9,20
03/16/2020,Tioga,0,1,3,6
03/16/2020,Tompkins,1,2,17,32
03/16/2020,Ulster,1,8,12,72
03/16/2020,Warren,0,0,14,45
03/16/2020,Washington,0,0,4,18
03/16/2020,Wayne,0,0,3,9
03/16/2020,Westchester,157,380,1219,3080
03/16/2020,Wyoming,0,1,0,3
03/16/2020,Yates,0,0,0,4
03/15/2020,Albany,6,12,108,281
03/15/2020,Allegany,2,2,5,11
03/15/2020,Bronx,29,57,116,485
03/15/2020,Broome,0,1,2,14
03/15/2020,Cattaraugus,0,0,2,7
03/15/2020,Cayuga,0,0,1,4
03/15/2020,Chautauqua,0,0,1,3
03/15/2020,Chemung,0,0,1,2
03/15/2020,Chenango,0,0,1,1
03/15/2020,Clinton,0,0,0,9
03/15/2020,Columbia,0,0,2,12
03/15/2020,Cortland,0,0,0,2
03/15/2020,Delaware,0,1,5,12
03/15/2020,Dutchess,3,10,20,57
03/15/2020,Erie,3,6,10,68
03/15/2020,Essex,0,0,2,5
03/15/2020,Franklin,0,0,0,2
03/15/2020,Fulton,0,0,1,11
03/15/2020,Genesee,0,0,0,1
03/15/2020,Greene,0,2,3,15
03/15/2020,Hamilton,0,0,0,0
03/15/2020,Herkimer,0,1,0,2
03/15/2020,Jefferson,0,0,1,3
03/15/2020,Kings,26,84,166,588
03/15/2020,Lewis,0,0,2,3
03/15/2020,Livingston,0,0,0,1
03/15/2020,Madison,0,0,1,3
03/15/2020,Monroe,7,9,39,58
03/15/2020,Montgomery,0,1,4,9
03/15/2020,Nassau,23,107,109,499
03/15/2020,New York,60,172,317,1244
03/15/2020,Niagara,0,0,0,4
03/15/2020,Oneida,0,0,3,9
03/15/2020,Onondaga,1,1,27,59
03/15/2020,Ontario,1,1,5,14
03/15/2020,Orange,5,11,36,87
03/15/2020,Orleans,0,0,0,1
03/15/2020,Oswego,0,0,0,5
03/15/2020,Otsego,0,0,1,6
03/15/2020,Putnam,2,2,10,38
03/15/2020,Queens,49,124,198,658
03/15/2020,Rensselaer,0,0,50,110
03/15/2020,Richmond,6,20,27,127
03/15/2020,Rockland,1,13,35,83
03/15/2020,Saratoga,2,5,66,227
03/15/2020,Schenectady,2,4,42,136
03/15/2020,Schoharie,0,0,0,3
03/15/2020,Schuyler,0,0,1,2
03/15/2020,Seneca,0,0,1,1
03/15/2020,St. Lawrence,0,0,1,9
03/15/2020,Steuben,0,0,0,1
03/15/2020,Suffolk,22,63,95,355
03/15/2020,Sullivan,0,0,2,11
03/15/2020,Tioga,0,1,1,3
03/15/2020,Tompkins,0,1,4,15
03/15/2020,Ulster,2,7,16,60
03/15/2020,Warren,0,0,12,31
03/15/2020,Washington,0,0,5,14
03/15/2020,Wayne,0,0,3,6
03/15/2020,Westchester,41,223,372,1861
03/15/2020,Wyoming,1,1,3,3
03/15/2020,Yates,0,0,1,4
03/14/2020,Albany,3,6,108,173
03/14/2020,Allegany,0,0,1,6
03/14/2020,Bronx,8,28,80,369
03/14/2020,Broome,0,1,3,12
03/14/2020,Cattaraugus,0,0,1,5
03/14/2020,Cayuga,0,0,3,3
03/14/2020,Chautauqua,0,0,0,2
03/14/2020,Chemung,0,0,0,1
03/14/2020,Chenango,0,0,0,0
03/14/2020,Clinton,0,0,1,9
03/14/2020,Columbia,0,0,4,10
03/14/2020,Cortland,0,0,1,2
03/14/2020,Delaware,0,1,1,7
03/14/2020,Dutchess,4,7,17,37
03/14/2020,Erie,3,3,22,58
03/14/2020,Essex,0,0,1,3
03/14/2020,Franklin,0,0,1,2
03/14/2020,Fulton,0,0,4,10
03/14/2020,Genesee,0,0,0,1
03/14/2020,Greene,2,2,8,12
03/14/2020,Hamilton,0,0,0,0
03/14/2020,Herkimer,0,1,1,2
03/14/2020,Jefferson,0,0,0,2
03/14/2020,Kings,17,58,99,422
03/14/2020,Lewis,0,0,0,1
03/14/2020,Livingston,0,0,0,1
03/14/2020,Madison,0,0,1,2
03/14/2020,Monroe,0,2,2,19
03/14/2020,Montgomery,1,1,3,5
03/14/2020,Nassau,20,84,82,390
03/14/2020,New York,28,112,193,927
03/14/2020,Niagara,0,0,1,4
03/14/2020,Oneida,0,0,1,6
03/14/2020,Onondaga,0,0,18,32
03/14/2020,Ontario,0,0,3,9
03/14/2020,Orange,0,6,12,51
03/14/2020,Orleans,0,0,0,1
03/14/2020,Oswego,0,0,2,5
03/14/2020,Otsego,0,0,2,5
03/14/2020,Putnam,0,0,3,28
03/14/2020,Queens,18,75,110,460
03/14/2020,Rensselaer,0,0,40,60
03/14/2020,Richmond,3,14,29,100
03/14/2020,Rockland,3,12,21,48
03/14/2020,Saratoga,0,3,45,161
03/14/2020,Schenectady,1,2,54,94
03/14/2020,Schoharie,0,0,0,3
03/14/2020,Schuyler,0,0,1,1
03/14/2020,Seneca,0,0,0,0
03/14/2020,St. Lawrence,0,0,1,8
03/14/2020,Steuben,0,0,0,1
03/14/2020,Suffolk,9,41,38,260
03/14/2020,Sullivan,0,0,7,9
03/14/2020,Tioga,0,1,0,2
03/14/2020,Tompkins,0,1,1,11
03/14/2020,Ulster,0,5,30,44
03/14/2020,Warren,0,0,13,19
03/14/2020,Washington,0,0,1,9
03/14/2020,Wayne,0,0,1,3
03/14/2020,Westchester,11,182,220,1489
03/14/2020,Wyoming,0,0,0,0
03/14/2020,Yates,0,0,2,3
03/13/2020,Albany,2,3,26,65
03/13/2020,Allegany,0,0,0,5
03/13/2020,Bronx,10,20,99,289
03/13/2020,Broome,0,1,2,9
03/13/2020,Cattaraugus,0,0,2,4
03/13/2020,Cayuga,0,0,0,0
03/13/2020,Chautauqua,0,0,1,2
03/13/2020,Chemung,0,0,0,1
03/13/2020,Chenango,0,0,0,0
03/13/2020,Clinton,0,0,1,8
03/13/2020,Columbia,0,0,1,6
03/13/2020,Cortland,0,0,0,1
03/13/2020,Delaware,0,1,1,6
03/13/2020,Dutchess,2,3,10,20
03/13/2020,Erie,0,0,5,36
03/13/2020,Essex,0,0,2,2
03/13/2020,Franklin,0,0,0,1
03/13/2020,Fulton,0,0,1,6
03/13/2020,Genesee,0,0,0,1
03/13/2020,Greene,0,0,1,4
03/13/2020,Hamilton,0,0,0,0
03/13/2020,Herkimer,0,1,0,1
03/13/2020,Jefferson,0,0,0,2
03/13/2020,Kings,17,41,136,323
03/13/2020,Lewis,0,0,1,1
03/13/2020,Livingston,0,0,0,1
03/13/2020,Madison,0,0,1,1
03/13/2020,Monroe,1,2,4,17
03/13/2020,Montgomery,0,0,0,2
03/13/2020,Nassau,19,64,100,308
03/13/2020,New York,39,84,268,734
03/13/2020,Niagara,0,0,0,3
03/13/2020,Oneida,0,0,1,5
03/13/2020,Onondaga,0,0,9,14
03/13/2020,Ontario,0,0,4,6
03/13/2020,Orange,5,6,22,39
03/13/2020,Orleans,0,0,1,1
03/13/2020,Oswego,0,0,2,3
03/13/2020,Otsego,0,0,1,3
03/13/2020,Putnam,0,0,14,25
03/13/2020,Queens,30,57,154,350
03/13/2020,Rensselaer,0,0,11,20
03/13/2020,Richmond,5,11,34,71
03/13/2020,Rockland,1,9,8,27
03/13/2020,Saratoga,0,3,41,116
03/13/2020,Schenectady,1,1,20,40
03/13/2020,Schoharie,0,0,0,3
03/13/2020,Schuyler,0,0,0,0
03/13/2020,Seneca,0,0,0,0
03/13/2020,St. Lawrence,0,0,1,7
03/13/2020,Steuben,0,0,1,1
03/13/2020,Suffolk,10,32,79,222
03/13/2020,Sullivan,0,0,1,2
03/13/2020,Tioga,1,1,1,2
03/13/2020,Tompkins,1,1,5,10
03/13/2020,Ulster,0,5,3,14
03/13/2020,Warren,0,0,2,6
03/13/2020,Washington,0,0,1,8
03/13/2020,Wayne,0,0,2,2
03/13/2020,Westchester,20,171,209,1269
03/13/2020,Wyoming,0,0,0,0
03/13/2020,Yates,0,0,1,1
03/12/2020,Albany,1,1,11,39
03/12/2020,Allegany,0,0,1,5
03/12/2020,Bronx,3,10,36,190
03/12/2020,Broome,1,1,2,7
03/12/2020,Cattaraugus,0,0,2,2
03/12/2020,Cayuga,0,0,0,0
03/12/2020,Chautauqua,0,0,1,1
03/12/2020,Chemung,0,0,0,1
03/12/2020,Chenango,0,0,0,0
03/12/2020,Clinton,0,0,3,7
03/12/2020,Columbia,0,0,2,5
03/12/2020,Cortland,0,0,0,1
03/12/2020,Delaware,1,1,1,5
03/12/2020,Dutchess,0,1,3,10
03/12/2020,Erie,0,0,13,31
03/12/2020,Essex,0,0,0,0
03/12/2020,Franklin,0,0,1,1
03/12/2020,Fulton,0,0,1,5
03/12/2020,Genesee,0,0,0,1
03/12/2020,Greene,0,0,0,3
03/12/2020,Hamilton,0,0,0,0
03/12/2020,Herkimer,1,1,1,1
03/12/2020,Jefferson,0,0,0,2
03/12/2020,Kings,8,24,59,187
03/12/2020,Lewis,0,0,0,0
03/12/2020,Livingston,0,0,0,1
03/12/2020,Madison,0,0,0,0
03/12/2020,Monroe,1,1,10,13
03/12/2020,Montgomery,0,0,0,2
03/12/2020,Nassau,14,45,86,208
03/12/2020,New York,18,45,186,466
03/12/2020,Niagara,0,0,1,3
03/12/2020,Oneida,0,0,1,4
03/12/2020,Onondaga,0,0,1,5
03/12/2020,Ontario,0,0,2,2
03/12/2020,Orange,0,1,12,17
03/12/2020,Orleans,0,0,0,0
03/12/2020,Oswego,0,0,0,1
03/12/2020,Otsego,0,0,0,2
03/12/2020,Putnam,0,0,1,11
03/12/2020,Queens,15,27,74,196
03/12/2020,Rensselaer,0,0,2,9
03/12/2020,Richmond,4,6,16,37
03/12/2020,Rockland,2,8,5,19
03/12/2020,Saratoga,0,3,32,75
03/12/2020,Schenectady,0,0,5,20
03/12/2020,Schoharie,0,0,1,3
03/12/2020,Schuyler,0,0,0,0
03/12/2020,Seneca,0,0,0,0
03/12/2020,St. Lawrence,0,0,1,6
03/12/2020,Steuben,0,0,0,0
03/12/2020,Suffolk,11,22,73,143
03/12/2020,Sullivan,0,0,0,1
03/12/2020,Tioga,0,0,0,1
03/12/2020,Tompkins,0,0,2,5
03/12/2020,Ulster,3,5,6,11
03/12/2020,Warren,0,0,0,4
03/12/2020,Washington,0,0,0,7
03/12/2020,Wayne,0,0,0,0
03/12/2020,Westchester,19,151,108,1060
03/12/2020,Wyoming,0,0,0,0
03/12/2020,Yates,0,0,0,0
03/11/2020,Albany,0,0,13,28
03/11/2020,Allegany,0,0,4,4
03/11/2020,Bronx,2,7,31,154
03/11/2020,Broome,0,0,1,5
03/11/2020,Cattaraugus,0,0,0,0
03/11/2020,Cayuga,0,0,0,0
03/11/2020,Chautauqua,0,0,0,0
03/11/2020,Chemung,0,0,0,1
03/11/2020,Chenango,0,0,0,0
03/11/2020,Clinton,0,0,4,4
03/11/2020,Columbia,0,0,2,3
03/11/2020,Cortland,0,0,0,1
03/11/2020,Delaware,0,0,2,4
03/11/2020,Dutchess,1,1,5,7
03/11/2020,Erie,0,0,0,18
03/11/2020,Essex,0,0,0,0
03/11/2020,Franklin,0,0,0,0
03/11/2020,Fulton,0,0,2,4
03/11/2020,Genesee,0,0,0,1
03/11/2020,Greene,0,0,3,3
03/11/2020,Hamilton,0,0,0,0
03/11/2020,Herkimer,0,0,0,0
03/11/2020,Jefferson,0,0,1,2
03/11/2020,Kings,2,16,24,128
03/11/2020,Lewis,0,0,0,0
03/11/2020,Livingston,0,0,0,1
03/11/2020,Madison,0,0,0,0
03/11/2020,Monroe,0,0,0,3
03/11/2020,Montgomery,0,0,1,2
03/11/2020,Nassau,11,31,58,122
03/11/2020,New York,3,27,70,280
03/11/2020,Niagara,0,0,1,2
03/11/2020,Oneida,0,0,1,3
03/11/2020,Onondaga,0,0,3,4
03/11/2020,Ontario,0,0,0,0
03/11/2020,Orange,1,1,4,5
03/11/2020,Orleans,0,0,0,0
03/11/2020,Oswego,0,0,0,1
03/11/2020,Otsego,0,0,0,2
03/11/2020,Putnam,0,0,7,10
03/11/2020,Queens,5,12,44,122
03/11/2020,Rensselaer,0,0,1,7
03/11/2020,Richmond,1,2,5,21
03/11/2020,Rockland,2,6,2,14
03/11/2020,Saratoga,1,3,31,43
03/11/2020,Schenectady,0,0,12,15
03/11/2020,Schoharie,0,0,2,2
03/11/2020,Schuyler,0,0,0,0
03/11/2020,Seneca,0,0,0,0
03/11/2020,St. Lawrence,0,0,2,5
03/11/2020,Steuben,0,0,0,0
03/11/2020,Suffolk,5,11,24,70
03/11/2020,Sullivan,0,0,1,1
03/11/2020,Tioga,0,0,1,1
03/11/2020,Tompkins,0,0,2,3
03/11/2020,Ulster,1,2,1,5
03/11/2020,Warren,0,0,1,4
03/11/2020,Washington,0,0,4,7
03/11/2020,Wayne,0,0,0,0
03/11/2020,Westchester,21,132,183,952
03/11/2020,Wyoming,0,0,0,0
03/11/2020,Yates,0,0,0,0
03/10/2020,Albany,0,0,2,15
03/10/2020,Allegany,0,0,0,0
03/10/2020,Bronx,0,5,47,123
03/10/2020,Broome,0,0,1,4
03/10/2020,Cattaraugus,0,0,0,0
03/10/2020,Cayuga,0,0,0,0
03/10/2020,Chautauqua,0,0,0,0
03/10/2020,Chemung,0,0,1,1
03/10/2020,Chenango,0,0,0,0
03/10/2020,Clinton,0,0,0,0
03/10/2020,Columbia,0,0,0,1
03/10/2020,Cortland,0,0,0,1
03/10/2020,Delaware,0,0,1,2
03/10/2020,Dutchess,0,0,2,2
03/10/2020,Erie,0,0,2,18
03/10/2020,Essex,0,0,0,0
03/10/2020,Franklin,0,0,0,0
03/10/2020,Fulton,0,0,1,2
03/10/2020,Genesee,0,0,1,1
03/10/2020,Greene,0,0,0,0
03/10/2020,Hamilton,0,0,0,0
03/10/2020,Herkimer,0,0,0,0
03/10/2020,Jefferson,0,0,0,1
03/10/2020,Kings,7,14,29,104
03/10/2020,Lewis,0,0,0,0
03/10/2020,Livingston,0,0,1,1
03/10/2020,Madison,0,0,0,0
03/10/2020,Monroe,0,0,0,3
03/10/2020,Montgomery,0,0,1,1
03/10/2020,Nassau,6,20,22,64
03/10/2020,New York,12,24,78,210
03/10/2020,Niagara,0,0,0,1
03/10/2020,Oneida,0,0,0,2
03/10/2020,Onondaga,0,0,0,1
03/10/2020,Ontario,0,0,0,0
03/10/2020,Orange,0,0,0,1
03/10/2020,Orleans,0,0,0,0
03/10/2020,Oswego,0,0,1,1
03/10/2020,Otsego,0,0,0,2
03/10/2020,Putnam,0,0,0,3
03/10/2020,Queens,4,7,18,78
03/10/2020,Rensselaer,0,0,1,6
03/10/2020,Richmond,1,1,5,16
03/10/2020,Rockland,0,4,2,12
03/10/2020,Saratoga,0,2,2,12
03/10/2020,Schenectady,0,0,0,3
03/10/2020,Schoharie,0,0,0,0
03/10/2020,Schuyler,0,0,0,0
03/10/2020,Seneca,0,0,0,0
03/10/2020,St. Lawrence,0,0,1,3
03/10/2020,Steuben,0,0,0,0
03/10/2020,Suffolk,5,6,24,46
03/10/2020,Sullivan,0,0,0,0
03/10/2020,Tioga,0,0,0,0
03/10/2020,Tompkins,0,0,0,1
03/10/2020,Ulster,0,1,2,4
03/10/2020,Warren,0,0,2,3
03/10/2020,Washington,0,0,1,3
03/10/2020,Wayne,0,0,0,0
03/10/2020,Westchester,9,111,177,769
03/10/2020,Wyoming,0,0,0,0
03/10/2020,Yates,0,0,0,0
03/09/2020,Albany,0,0,3,13
03/09/2020,Allegany,0,0,0,0
03/09/2020,Bronx,4,5,31,76
03/09/2020,Broome,0,0,1,3
03/09/2020,Cattaraugus,0,0,0,0
03/09/2020,Cayuga,0,0,0,0
03/09/2020,Chautauqua,0,0,0,0
03/09/2020,Chemung,0,0,0,0
03/09/2020,Chenango,0,0,0,0
03/09/2020,Clinton,0,0,0,0
03/09/2020,Columbia,0,0,0,1
03/09/2020,Cortland,0,0,0,1
03/09/2020,Delaware,0,0,1,1
03/09/2020,Dutchess,0,0,0,0
03/09/2020,Erie,0,0,1,16
03/09/2020,Essex,0,0,0,0
03/09/2020,Franklin,0,0,0,0
03/09/2020,Fulton,0,0,1,1
03/09/2020,Genesee,0,0,0,0
03/09/2020,Greene,0,0,0,0
03/09/2020,Hamilton,0,0,0,0
03/09/2020,Herkimer,0,0,0,0
03/09/2020,Jefferson,0,0,0,1
03/09/2020,Kings,1,7,31,75
03/09/2020,Lewis,0,0,0,0
03/09/2020,Livingston,0,0,0,0
03/09/2020,Madison,0,0,0,0
03/09/2020,Monroe,0,0,0,3
03/09/2020,Montgomery,0,0,0,0
03/09/2020,Nassau,4,14,15,42
03/09/2020,New York,7,12,47,132
03/09/2020,Niagara,0,0,0,1
03/09/2020,Oneida,0,0,0,2
03/09/2020,Onondaga,0,0,1,1
03/09/2020,Ontario,0,0,0,0
03/09/2020,Orange,0,0,1,1
03/09/2020,Orleans,0,0,0,0
03/09/2020,Oswego,0,0,0,0
03/09/2020,Otsego,0,0,0,2
03/09/2020,Putnam,0,0,1,3
03/09/2020,Queens,0,3,15,60
03/09/2020,Rensselaer,0,0,1,5
03/09/2020,Richmond,0,0,6,11
03/09/2020,Rockland,3,4,7,10
03/09/2020,Saratoga,2,2,9,10
03/09/2020,Schenectady,0,0,2,3
03/09/2020,Schoharie,0,0,0,0
03/09/2020,Schuyler,0,0,0,0
03/09/2020,Seneca,0,0,0,0
03/09/2020,St. Lawrence,0,0,0,2
03/09/2020,Steuben,0,0,0,0
03/09/2020,Suffolk,0,1,4,22
03/09/2020,Sullivan,0,0,0,0
03/09/2020,Tioga,0,0,0,0
03/09/2020,Tompkins,0,0,1,1
03/09/2020,Ulster,0,1,0,2
03/09/2020,Warren,0,0,0,1
03/09/2020,Washington,0,0,0,2
03/09/2020,Wayne,0,0,0,0
03/09/2020,Westchester,42,102,222,592
03/09/2020,Wyoming,0,0,0,0
03/09/2020,Yates,0,0,0,0
03/08/2020,Albany,0,0,2,10
03/08/2020,Allegany,0,0,0,0
03/08/2020,Bronx,1,1,16,45
03/08/2020,Broome,0,0,2,2
03/08/2020,Cattaraugus,0,0,0,0
03/08/2020,Cayuga,0,0,0,0
03/08/2020,Chautauqua,0,0,0,0
03/08/2020,Chemung,0,0,0,0
03/08/2020,Chenango,0,0,0,0
03/08/2020,Clinton,0,0,0,0
03/08/2020,Columbia,0,0,1,1
03/08/2020,Cortland,0,0,0,1
03/08/2020,Delaware,0,0,0,0
03/08/2020,Dutchess,0,0,0,0
03/08/2020,Erie,0,0,1,15
03/08/2020,Essex,0,0,0,0
03/08/2020,Franklin,0,0,0,0
03/08/2020,Fulton,0,0,0,0
03/08/2020,Genesee,0,0,0,0
03/08/2020,Greene,0,0,0,0
03/08/2020,Hamilton,0,0,0,0
03/08/2020,Herkimer,0,0,0,0
03/08/2020,Jefferson,0,0,0,1
03/08/2020,Kings,2,6,10,44
03/08/2020,Lewis,0,0,0,0
03/08/2020,Livingston,0,0,0,0
03/08/2020,Madison,0,0,0,0
03/08/2020,Monroe,0,0,1,3
03/08/2020,Montgomery,0,0,0,0
03/08/2020,Nassau,4,10,11,27
03/08/2020,New York,0,5,24,85
03/08/2020,Niagara,0,0,1,1
03/08/2020,Oneida,0,0,0,2
03/08/2020,Onondaga,0,0,0,0
03/08/2020,Ontario,0,0,0,0
03/08/2020,Orange,0,0,0,0
03/08/2020,Orleans,0,0,0,0
03/08/2020,Oswego,0,0,0,0
03/08/2020,Otsego,0,0,1,2
03/08/2020,Putnam,0,0,0,2
03/08/2020,Queens,1,3,13,45
03/08/2020,Rensselaer,0,0,0,4
03/08/2020,Richmond,0,0,0,5
03/08/2020,Rockland,0,1,2,3
03/08/2020,Saratoga,0,0,0,1
03/08/2020,Schenectady,0,0,1,1
03/08/2020,Schoharie,0,0,0,0
03/08/2020,Schuyler,0,0,0,0
03/08/2020,Seneca,0,0,0,0
03/08/2020,St. Lawrence,0,0,0,2
03/08/2020,Steuben,0,0,0,0
03/08/2020,Suffolk,1,1,11,18
03/08/2020,Sullivan,0,0,0,0
03/08/2020,Tioga,0,0,0,0
03/08/2020,Tompkins,0,0,0,0
03/08/2020,Ulster,1,1,1,2
03/08/2020,Warren,0,0,0,1
03/08/2020,Washington,0,0,2,2
03/08/2020,Wayne,0,0,0,0
03/08/2020,Westchester,18,60,207,370
03/08/2020,Wyoming,0,0,0,0
03/08/2020,Yates,0,0,0,0
03/07/2020,Albany,0,0,5,8
03/07/2020,Allegany,0,0,0,0
03/07/2020,Bronx,0,0,17,29
03/07/2020,Broome,0,0,0,0
03/07/2020,Cattaraugus,0,0,0,0
03/07/2020,Cayuga,0,0,0,0
03/07/2020,Chautauqua,0,0,0,0
03/07/2020,Chemung,0,0,0,0
03/07/2020,Chenango,0,0,0,0
03/07/2020,Clinton,0,0,0,0
03/07/2020,Columbia,0,0,0,0
03/07/2020,Cortland,0,0,1,1
03/07/2020,Delaware,0,0,0,0
03/07/2020,Dutchess,0,0,0,0
03/07/2020,Erie,0,0,2,14
03/07/2020,Essex,0,0,0,0
03/07/2020,Franklin,0,0,0,0
03/07/2020,Fulton,0,0,0,0
03/07/2020,Genesee,0,0,0,0
03/07/2020,Greene,0,0,0,0
03/07/2020,Hamilton,0,0,0,0
03/07/2020,Herkimer,0,0,0,0
03/07/2020,Jefferson,0,0,1,1
03/07/2020,Kings,0,4,9,34
03/07/2020,Lewis,0,0,0,0
03/07/2020,Livingston,0,0,0,0
03/07/2020,Madison,0,0,0,0
03/07/2020,Monroe,0,0,2,2
03/07/2020,Montgomery,0,0,0,0
03/07/2020,Nassau,2,6,5,16
03/07/2020,New York,0,5,22,61
03/07/2020,Niagara,0,0,0,0
03/07/2020,Oneida,0,0,0,2
03/07/2020,Onondaga,0,0,0,0
03/07/2020,Ontario,0,0,0,0
03/07/2020,Orange,0,0,0,0
03/07/2020,Orleans,0,0,0,0
03/07/2020,Oswego,0,0,0,0
03/07/2020,Otsego,0,0,1,1
03/07/2020,Putnam,0,0,1,2
03/07/2020,Queens,0,2,14,32
03/07/2020,Rensselaer,0,0,2,4
03/07/2020,Richmond,0,0,2,5
03/07/2020,Rockland,0,1,0,1
03/07/2020,Saratoga,0,0,1,1
03/07/2020,Schenectady,0,0,0,0
03/07/2020,Schoharie,0,0,0,0
03/07/2020,Schuyler,0,0,0,0
03/07/2020,Seneca,0,0,0,0
03/07/2020,St. Lawrence,0,0,2,2
03/07/2020,Steuben,0,0,0,0
03/07/2020,Suffolk,0,0,2,7
03/07/2020,Sullivan,0,0,0,0
03/07/2020,Tioga,0,0,0,0
03/07/2020,Tompkins,0,0,0,0
03/07/2020,Ulster,0,0,0,1
03/07/2020,Warren,0,0,1,1
03/07/2020,Washington,0,0,0,0
03/07/2020,Wayne,0,0,0,0
03/07/2020,Westchester,22,42,110,163
03/07/2020,Wyoming,0,0,0,0
03/07/2020,Yates,0,0,0,0
03/06/2020,Albany,0,0,0,3
03/06/2020,Allegany,0,0,0,0
03/06/2020,Bronx,0,0,6,12
03/06/2020,Broome,0,0,0,0
03/06/2020,Cattaraugus,0,0,0,0
03/06/2020,Cayuga,0,0,0,0
03/06/2020,Chautauqua,0,0,0,0
03/06/2020,Chemung,0,0,0,0
03/06/2020,Chenango,0,0,0,0
03/06/2020,Clinton,0,0,0,0
03/06/2020,Columbia,0,0,0,0
03/06/2020,Cortland,0,0,0,0
03/06/2020,Delaware,0,0,0,0
03/06/2020,Dutchess,0,0,0,0
03/06/2020,Erie,0,0,0,12
03/06/2020,Essex,0,0,0,0
03/06/2020,Franklin,0,0,0,0
03/06/2020,Fulton,0,0,0,0
03/06/2020,Genesee,0,0,0,0
03/06/2020,Greene,0,0,0,0
03/06/2020,Hamilton,0,0,0,0
03/06/2020,Herkimer,0,0,0,0
03/06/2020,Jefferson,0,0,0,0
03/06/2020,Kings,3,4,12,25
03/06/2020,Lewis,0,0,0,0
03/06/2020,Livingston,0,0,0,0
03/06/2020,Madison,0,0,0,0
03/06/2020,Monroe,0,0,0,0
03/06/2020,Montgomery,0,0,0,0
03/06/2020,Nassau,3,4,10,11
03/06/2020,New York,3,5,14,39
03/06/2020,Niagara,0,0,0,0
03/06/2020,Oneida,0,0,0,2
03/06/2020,Onondaga,0,0,0,0
03/06/2020,Ontario,0,0,0,0
03/06/2020,Orange,0,0,0,0
03/06/2020,Orleans,0,0,0,0
03/06/2020,Oswego,0,0,0,0
03/06/2020,Otsego,0,0,0,0
03/06/2020,Putnam,0,0,0,1
03/06/2020,Queens,1,2,10,18
03/06/2020,Rensselaer,0,0,0,2
03/06/2020,Richmond,0,0,3,3
03/06/2020,Rockland,1,1,1,1
03/06/2020,Saratoga,0,0,0,0
03/06/2020,Schenectady,0,0,0,0
03/06/2020,Schoharie,0,0,0,0
03/06/2020,Schuyler,0,0,0,0
03/06/2020,Seneca,0,0,0,0
03/06/2020,St. Lawrence,0,0,0,0
03/06/2020,Steuben,0,0,0,0
03/06/2020,Suffolk,0,0,1,5
03/06/2020,Sullivan,0,0,0,0
03/06/2020,Tioga,0,0,0,0
03/06/2020,Tompkins,0,0,0,0
03/06/2020,Ulster,0,0,0,1
03/06/2020,Warren,0,0,0,0
03/06/2020,Washington,0,0,0,0
03/06/2020,Wayne,0,0,0,0
03/06/2020,Westchester,0,20,9,53
03/06/2020,Wyoming,0,0,0,0
03/06/2020,Yates,0,0,0,0
03/05/2020,Albany,0,0,3,3
03/05/2020,Allegany,0,0,0,0
03/05/2020,Bronx,0,0,5,6
03/05/2020,Broome,0,0,0,0
03/05/2020,Cattaraugus,0,0,0,0
03/05/2020,Cayuga,0,0,0,0
03/05/2020,Chautauqua,0,0,0,0
03/05/2020,Chemung,0,0,0,0
03/05/2020,Chenango,0,0,0,0
03/05/2020,Clinton,0,0,0,0
03/05/2020,Columbia,0,0,0,0
03/05/2020,Cortland,0,0,0,0
03/05/2020,Delaware,0,0,0,0
03/05/2020,Dutchess,0,0,0,0
03/05/2020,Erie,0,0,6,12
03/05/2020,Essex,0,0,0,0
03/05/2020,Franklin,0,0,0,0
03/05/2020,Fulton,0,0,0,0
03/05/2020,Genesee,0,0,0,0
03/05/2020,Greene,0,0,0,0
03/05/2020,Hamilton,0,0,0,0
03/05/2020,Herkimer,0,0,0,0
03/05/2020,Jefferson,0,0,0,0
03/05/2020,Kings,0,1,7,13
03/05/2020,Lewis,0,0,0,0
03/05/2020,Livingston,0,0,0,0
03/05/2020,Madison,0,0,0,0
03/05/2020,Monroe,0,0,0,0
03/05/2020,Montgomery,0,0,0,0
03/05/2020,Nassau,1,1,1,1
03/05/2020,New York,1,2,18,25
03/05/2020,Niagara,0,0,0,0
03/05/2020,Oneida,0,0,0,2
03/05/2020,Onondaga,0,0,0,0
03/05/2020,Ontario,0,0,0,0
03/05/2020,Orange,0,0,0,0
03/05/2020,Orleans,0,0,0,0
03/05/2020,Oswego,0,0,0,0
03/05/2020,Otsego,0,0,0,0
03/05/2020,Putnam,0,0,1,1
03/05/2020,Queens,1,1,6,8
03/05/2020,Rensselaer,0,0,0,2
03/05/2020,Richmond,0,0,0,0
03/05/2020,Rockland,0,0,0,0
03/05/2020,Saratoga,0,0,0,0
03/05/2020,Schenectady,0,0,0,0
03/05/2020,Schoharie,0,0,0,0
03/05/2020,Schuyler,0,0,0,0
03/05/2020,Seneca,0,0,0,0
03/05/2020,St. Lawrence,0,0,0,0
03/05/2020,Steuben,0,0,0,0
03/05/2020,Suffolk,0,0,2,4
03/05/2020,Sullivan,0,0,0,0
03/05/2020,Tioga,0,0,0,0
03/05/2020,Tompkins,0,0,0,0
03/05/2020,Ulster,0,0,1,1
03/05/2020,Warren,0,0,0,0
03/05/2020,Washington,0,0,0,0
03/05/2020,Wayne,0,0,0,0
03/05/2020,Westchester,19,20,42,44
03/05/2020,Wyoming,0,0,0,0
03/05/2020,Yates,0,0,0,0
03/04/2020,Albany,0,0,0,0
03/04/2020,Allegany,0,0,0,0
03/04/2020,Bronx,0,0,0,1
03/04/2020,Broome,0,0,0,0
03/04/2020,Cattaraugus,0,0,0,0
03/04/2020,Cayuga,0,0,0,0
03/04/2020,Chautauqua,0,0,0,0
03/04/2020,Chemung,0,0,0,0
03/04/2020,Chenango,0,0,0,0
03/04/2020,Clinton,0,0,0,0
03/04/2020,Columbia,0,0,0,0
03/04/2020,Cortland,0,0,0,0
03/04/2020,Delaware,0,0,0,0
03/04/2020,Dutchess,0,0,0,0
03/04/2020,Erie,0,0,6,6
03/04/2020,Essex,0,0,0,0
03/04/2020,Franklin,0,0,0,0
03/04/2020,Fulton,0,0,0,0
03/04/2020,Genesee,0,0,0,0
03/04/2020,Greene,0,0,0,0
03/04/2020,Hamilton,0,0,0,0
03/04/2020,Herkimer,0,0,0,0
03/04/2020,Jefferson,0,0,0,0
03/04/2020,Kings,1,1,4,6
03/04/2020,Lewis,0,0,0,0
03/04/2020,Livingston,0,0,0,0
03/04/2020,Madison,0,0,0,0
03/04/2020,Monroe,0,0,0,0
03/04/2020,Montgomery,0,0,0,0
03/04/2020,Nassau,0,0,0,0
03/04/2020,New York,1,1,4,7
03/04/2020,Niagara,0,0,0,0
03/04/2020,Oneida,0,0,2,2
03/04/2020,Onondaga,0,0,0,0
03/04/2020,Ontario,0,0,0,0
03/04/2020,Orange,0,0,0,0
03/04/2020,Orleans,0,0,0,0
03/04/2020,Oswego,0,0,0,0
03/04/2020,Otsego,0,0,0,0
03/04/2020,Putnam,0,0,0,0
03/04/2020,Queens,0,0,0,2
03/04/2020,Rensselaer,0,0,2,2
03/04/2020,Richmond,0,0,0,0
03/04/2020,Rockland,0,0,0,0
03/04/2020,Saratoga,0,0,0,0
03/04/2020,Schenectady,0,0,0,0
03/04/2020,Schoharie,0,0,0,0
03/04/2020,Schuyler,0,0,0,0
03/04/2020,Seneca,0,0,0,0
03/04/2020,St. Lawrence,0,0,0,0
03/04/2020,Steuben,0,0,0,0
03/04/2020,Suffolk,0,0,2,2
03/04/2020,Sullivan,0,0,0,0
03/04/2020,Tioga,0,0,0,0
03/04/2020,Tompkins,0,0,0,0
03/04/2020,Ulster,0,0,0,0
03/04/2020,Warren,0,0,0,0
03/04/2020,Washington,0,0,0,0
03/04/2020,Wayne,0,0,0,0
03/04/2020,Westchester,0,1,0,2
03/04/2020,Wyoming,0,0,0,0
03/04/2020,Yates,0,0,0,0
03/03/2020,Albany,0,0,0,0
03/03/2020,Allegany,0,0,0,0
03/03/2020,Bronx,0,0,1,1
03/03/2020,Broome,0,0,0,0
03/03/2020,Cattaraugus,0,0,0,0
03/03/2020,Cayuga,0,0,0,0
03/03/2020,Chautauqua,0,0,0,0
03/03/2020,Chemung,0,0,0,0
03/03/2020,Chenango,0,0,0,0
03/03/2020,Clinton,0,0,0,0
03/03/2020,Columbia,0,0,0,0
03/03/2020,Cortland,0,0,0,0
03/03/2020,Delaware,0,0,0,0
03/03/2020,Dutchess,0,0,0,0
03/03/2020,Erie,0,0,0,0
03/03/2020,Essex,0,0,0,0
03/03/2020,Franklin,0,0,0,0
03/03/2020,Fulton,0,0,0,0
03/03/2020,Genesee,0,0,0,0
03/03/2020,Greene,0,0,0,0
03/03/2020,Hamilton,0,0,0,0
03/03/2020,Herkimer,0,0,0,0
03/03/2020,Jefferson,0,0,0,0
03/03/2020,Kings,0,0,2,2
03/03/2020,Lewis,0,0,0,0
03/03/2020,Livingston,0,0,0,0
03/03/2020,Madison,0,0,0,0
03/03/2020,Monroe,0,0,0,0
03/03/2020,Montgomery,0,0,0,0
03/03/2020,Nassau,0,0,0,0
03/03/2020,New York,0,0,3,3
03/03/2020,Niagara,0,0,0,0
03/03/2020,Oneida,0,0,0,0
03/03/2020,Onondaga,0,0,0,0
03/03/2020,Ontario,0,0,0,0
03/03/2020,Orange,0,0,0,0
03/03/2020,Orleans,0,0,0,0
03/03/2020,Oswego,0,0,0,0
03/03/2020,Otsego,0,0,0,0
03/03/2020,Putnam,0,0,0,0
03/03/2020,Queens,0,0,2,2
03/03/2020,Rensselaer,0,0,0,0
03/03/2020,Richmond,0,0,0,0
03/03/2020,Rockland,0,0,0,0
03/03/2020,Saratoga,0,0,0,0
03/03/2020,Schenectady,0,0,0,0
03/03/2020,Schoharie,0,0,0,0
03/03/2020,Schuyler,0,0,0,0
03/03/2020,Seneca,0,0,0,0
03/03/2020,St. Lawrence,0,0,0,0
03/03/2020,Steuben,0,0,0,0
03/03/2020,Suffolk,0,0,0,0
03/03/2020,Sullivan,0,0,0,0
03/03/2020,Tioga,0,0,0,0
03/03/2020,Tompkins,0,0,0,0
03/03/2020,Ulster,0,0,0,0
03/03/2020,Warren,0,0,0,0
03/03/2020,Washington,0,0,0,0
03/03/2020,Wayne,0,0,0,0
03/03/2020,Westchester,0,1,1,2
03/03/2020,Wyoming,0,0,0,0
03/03/2020,Yates,0,0,0,0
03/02/2020,Albany,0,0,0,0
03/02/2020,Allegany,0,0,0,0
03/02/2020,Bronx,0,0,0,0
03/02/2020,Broome,0,0,0,0
03/02/2020,Cattaraugus,0,0,0,0
03/02/2020,Cayuga,0,0,0,0
03/02/2020,Chautauqua,0,0,0,0
03/02/2020,Chemung,0,0,0,0
03/02/2020,Chenango,0,0,0,0
03/02/2020,Clinton,0,0,0,0
03/02/2020,Columbia,0,0,0,0
03/02/2020,Cortland,0,0,0,0
03/02/2020,Delaware,0,0,0,0
03/02/2020,Dutchess,0,0,0,0
03/02/2020,Erie,0,0,0,0
03/02/2020,Essex,0,0,0,0
03/02/2020,Franklin,0,0,0,0
03/02/2020,Fulton,0,0,0,0
03/02/2020,Genesee,0,0,0,0
03/02/2020,Greene,0,0,0,0
03/02/2020,Hamilton,0,0,0,0
03/02/2020,Herkimer,0,0,0,0
03/02/2020,Jefferson,0,0,0,0
03/02/2020,Kings,0,0,0,0
03/02/2020,Lewis,0,0,0,0
03/02/2020,Livingston,0,0,0,0
03/02/2020,Madison,0,0,0,0
03/02/2020,Monroe,0,0,0,0
03/02/2020,Montgomery,0,0,0,0
03/02/2020,Nassau,0,0,0,0
03/02/2020,New York,0,0,0,0
03/02/2020,Niagara,0,0,0,0
03/02/2020,Oneida,0,0,0,0
03/02/2020,Onondaga,0,0,0,0
03/02/2020,Ontario,0,0,0,0
03/02/2020,Orange,0,0,0,0
03/02/2020,Orleans,0,0,0,0
03/02/2020,Oswego,0,0,0,0
03/02/2020,Otsego,0,0,0,0
03/02/2020,Putnam,0,0,0,0
03/02/2020,Queens,0,0,0,0
03/02/2020,Rensselaer,0,0,0,0
03/02/2020,Richmond,0,0,0,0
03/02/2020,Rockland,0,0,0,0
03/02/2020,Saratoga,0,0,0,0
03/02/2020,Schenectady,0,0,0,0
03/02/2020,Schoharie,0,0,0,0
03/02/2020,Schuyler,0,0,0,0
03/02/2020,Seneca,0,0,0,0
03/02/2020,St. Lawrence,0,0,0,0
03/02/2020,Steuben,0,0,0,0
03/02/2020,Suffolk,0,0,0,0
03/02/2020,Sullivan,0,0,0,0
03/02/2020,Tioga,0,0,0,0
03/02/2020,Tompkins,0,0,0,0
03/02/2020,Ulster,0,0,0,0
03/02/2020,Warren,0,0,0,0
03/02/2020,Washington,0,0,0,0
03/02/2020,Wayne,0,0,0,0
03/02/2020,Westchester,1,1,1,1
03/02/2020,Wyoming,0,0,0,0
03/02/2020,Yates,0,0,0,0
